author_id,num_of_post
Frocharocha,25
Sporeboss,14
redditbuddyhasnot,13
ccwcc,11
Aloen,10
fuckingpopo,8
-Special_K-,7
wakeup2019,6
fightforthefuture,5
Orhac,5
BilboBallerBaggins,5
IP2-WHITEKNIGHT,5
ROACH_Vtek,5
GhettoWario,4
prezxi,4
LaoSh,4
melonpicker,4
FloL00L,4
blademan9999,4
BurpMaster69420,4
adin55,4
biggiejon,4
MikeTheWailord,4
Blulien,4
FirePhoton_Torpedoes,4
cannacae,4
Narananas,4
Bilbothegreat2_Xbox,4
MostSanePsycho,3
TheBlueManBluth,3
sadboisexclusive,3
BetaTink,3
Gajax,3
L1ghtningdude,3
Mr_VirusYT,3
xsalvaz,3
SolitaryEgg,3
serge4332,3
A-Stackhouse,3
hkjournalism,3
WouldSoonBeHere,3
DrDeDunderscoreD0C,3
BaNa3Na3,3
hypetoyz,3
ancientflowers,3
appetizerbread,3
ososostrich,3
hfok,3
Steel_Prism,3
andygmb,3
g0tsherm,3
Discchord,3
Dijkmeneer,3
ChinkedArmor,3
KaChoo49,3
mattsoubala,3
z3onn,2
ossaar,2
TheUserNameMe,2
eltopo69,2
TheSoberCannibal,2
OhSeeker,2
zdonit,2
blue_raptor55,2
slimjim943,2
abzz123,2
dapperfex,2
triggered_feminist69,2
pulzey,2
galoder,2
hyper_elite,2
mnbnd,2
Unreg1stered,2
AshleyStanbridge,2
RetrospecTuaL,2
tpfufu,2
boycottchinazi,2
arrogantPoopgasm,2
cyberjonesy,2
Twisted_Shogun,2
redout195,2
EtherTempest,2
5698450,2
Slashermovies,2
hgrforparadise,2
goostman,2
AForAlternative,2
batture,2
spicedpumpkins,2
DankFever77,2
alcatrazcgp,2
CritBit1,2
iLoveLootBoxes,2
Coldwint3r,2
MeanietomyPeenie,2
FitAFJesus,2
peckarino_romano,2
Kanehammer,2
Breshawnashay,2
neilgrey519,2
Thy-Otter,2
ReadyKeep,2
carteratops,2
LumpusKrampus,2
fellhawk,2
FreeHK1999,2
unobservedcitizen,2
Arlen_Banes,2
Aesthetech,2
TWEverson,2
OD174,2
westphall,2
Der-Wissenschaftler,2
yellowbloodil,2
lightiggy,2
Owlero,2
horace524,2
bruceleebewaterfire,2
stinger0825,2
RednRich,2
R8a8,2
22_hours_ago,2
SquidFistHK,2
boppinmule,2
NonnyNu,2
DiscoBat,2
Unattributabledk,2
Dedoshucos,2
Benny_Buttcheeks,2
RevenanTxo,2
goldenfever0501,2
lion20092,2
timelabpro,2
Bewater233,2
OpenJournalism,2
KvasirsBlod,2
asddsaabcd,2
someone-elsewhere,2
LovingVirtualReality,2
FutureisAsian,2
Mobile_Arm,2
BleuPrince,2
RealJakeSpacePirate,2
sIckb0y-,2
InfamousMany,2
Anenome5,2
__brayton_cycle__,2
hk-laichar,2
jelly_ni-,2
AJTHEMUSICGEEK,2
petrake_wigh,2
FunkCartography,2
JustSumBro,2
howtoo2,2
bemynewfoxtail,2
russiabot1776,2
idfkCOLLEGEhelp,2
-pcgamingmaster-,2
lebbe,2
ryanhallows,2
PopeUrban_2,2
Green_VGC,2
brah888,2
JohnKimble111,2
darkrage2012,2
j5sne8m0b34,2
me-i-am,2
Riesje,2
mroberts531,2
Greg-2012,2
Ichi_MokuM,2
Viikable,2
thefireducky,2
BaptisteSave,2
charliethispain,2
VioletGlitterBlossom,2
Astorya,2
TrumpImpeachedAugust,2
BeardedDeity,2
mrcynic132,2
Lobo_Marino,2
Ezhoikam,2
Impa44,2
lu5ty,2
PBMthrowawayguy,2
VELTTE,2
KyoueiShinkirou,2
maeyuuki,2
CreativeBaboon,2
PM-Your-Positivity,2
Whenyouwere,2
thpkht524,2
AquaLordTyphon,2
qZLn2NicnVGq,2
josh822,2
thepuppeter,2
rumourmaker18,2
revolving_ocelot,2
SplitPersonalityTim,2
GurkanG,2
100101010010010010,2
gdevilman,2
Reddituser1001001,2
kurogawara,2
CucksuitAndy,2
GeorgeAllenIRL,2
TheTobii,2
levicastelo,2
GabbaGurl,2
Emilio_Garcia,2
AgentTexes,2
mauricewg2002,2
Lord_Ooze,2
FGoon,2
Jim_e_Clash,2
SpaceGhostBusters,2
4275726e6572,2
carmelpr12,1
Ledinax,1
poporine,1
ArmyofWon,1
Tardashian,1
blooddragn14,1
mirta000,1
Black_Letter_Law,1
ghostborn_,1
guanshan5566,1
haloddr,1
mifcl,1
dtelad11,1
Jenkins_Leeroy,1
scm6288,1
Yaslav,1
Arminius2436,1
peytonhuxter,1
489032984988,1
sambeckett,1
JToholic,1
V_IR,1
PartyRooster,1
loser4now,1
therapistofpenisland,1
Blizzblaze,1
prouby,1
L0NZ0BALL,1
Esuark06,1
x_Teferi_x,1
ResidentStandard,1
Nousersavailable6969,1
Sansanvi,1
Baron-Scarpia,1
welpxD,1
sissytrapboy,1
7ele,1
CondescendingFaggot,1
chipsimm,1
TheToxified,1
SelkieKezia,1
ReneDeGames,1
AceovspadesTheFirst,1
Verified_Li_Wei_,1
SW-DocSpock,1
NYCGamerHawk,1
demon723,1
Bardic_Dave,1
asdfghnbful,1
drewsmill,1
Public_Radio-,1
Goodpie2,1
Cavalier111,1
spock2018,1
RemovedByGallowboob,1
Nerf_Now,1
neon_ns,1
brandoooooooo,1
johnwick_2077,1
epicsnail14,1
Remi-San,1
Ayza4353,1
Radeghost,1
Fen_,1
Hawkeyeflame,1
GrumpyZourus,1
AshLael,1
Bhu124,1
EgorKlenov,1
FreddyVanZ,1
mathiasmouse,1
lsc1221,1
anti9take,1
kalvin807,1
PepsiColaSodaTTV,1
shmipples,1
Tomer8009,1
Exxucus,1
Kiwihara,1
FearlessHS,1
UighurGenocide,1
ikilledtupac,1
Dustoff-Witchdoctor,1
JoarnaGaming,1
DragonC007,1
sillssa,1
Mr24601,1
Pikalover10,1
will50231,1
NinnyBoggy,1
Guiee,1
CannibalHitler,1
Platycel,1
PocketTacoAndChurros,1
Dutchheadhunter,1
EvilDave219,1
koavf,1
PidgeonPuncher,1
TcomJ,1
togrias,1
yangyi02,1
lacksfish,1
MaxiNico,1
MagmaHotDesigns,1
jaegancones,1
Null_Activity,1
Jabbers-jewels,1
Llamaexplains,1
CommonCuddlefish,1
gotohellblizzard,1
totoneo1981,1
TombSv,1
HyunStoned,1
IntoTheExpanse,1
iLikeWhatYouDidThere,1
ianoli444,1
ARROGANT-CYBORG,1
GoldMost3,1
WhateverRL,1
Kav147,1
yir5B,1
WabbitSweason,1
mikikim1,1
pch14,1
MasterScythus,1
vade281,1
Geamantan,1
BartosR,1
treciomierse,1
plabotfarmer,1
keeeve,1
hopemyvoicematters,1
liberal-propaganda-,1
IshizakaLand,1
Neavea,1
overlordshaggy,1
bilgerat78,1
Bill-Americaman,1
Devola4,1
MettleSage,1
Rucco_,1
HPScots,1
arrrtee,1
ThaRealMe,1
Torngate,1
TheBlurstOfTimes95,1
Jakyjuju,1
Bman092,1
Diproc,1
RCCHGaming123,1
Krelle12343,1
justalazygamer,1
greatbaizuo,1
PlsSendHentai,1
PepeFrogTV,1
KaiNRJ,1
FANCINESSrddt,1
Eitoku_K,1
Pen_Sylvestyr,1
_Rapalysis,1
Nervbold1,1
MissChemistryNerd,1
dont_come_any_closer,1
Sukre96,1
aleatoriamentemente,1
soaringturnip,1
DefacedReality,1
lunyinmo,1
MDPROBIFE,1
cedarbear,1
beg4,1
WhatRippingFun,1
FrenchStoat,1
AHistoryofGuyStuff,1
janill49,1
WildInThe70s,1
ChineseCookieThief,1
Noctornola,1
8-Bit-Oddish,1
T0Bii,1
JayTrim,1
largopigeon3,1
DeathForever3,1
0x000666,1
Gabriel7xZo,1
Bakedschwarzenbach,1
bwgark,1
Donovan_Du_Bois,1
dontbanme3,1
zaj159,1
AvailableTomatillo,1
CosmicAlchemyst,1
PotatoRL,1
VerbotenPublish,1
asianhipppy,1
tocreatewebsite,1
Meeko94,1
MdotR,1
GodEtikaAntiChrist,1
Tenkuscho,1
smurficus103,1
cathbadh,1
Iseethetrain,1
luktaros,1
alecreplied,1
sporkyuncle,1
psyduckforever,1
Oceanicshark,1
BoondockSaint45,1
opinions_dotgov,1
Tyackt101,1
10cate,1
Cirandis,1
LIMIT_bro,1
rode_13,1
SoddenPine,1
TheMysticGed,1
stntoulouse,1
Pointy_Nipples,1
Pattycorn,1
AshNotFromPalletTown,1
Maya8447,1
Tapdatsam,1
JUNKLABGAMES,1
AlialunLive,1
AY_DRIAN,1
anthro28,1
StAUG1211,1
Pswoop,1
dodgerofbarbs,1
Raditzfan9000,1
CJleaf,1
StuffHobbes,1
niratomi,1
mingimehu,1
mamamako_moo,1
vsod,1
inclusiondelusion,1
lakatosbruno_bajnok,1
DustineTetris,1
mrmoto1998,1
irishrugby2015,1
Jullbab,1
Shrimppapapa,1
Lidic,1
zenpi3x,1
antfireboy,1
ssWyvern,1
yolosandwich,1
Demonwolf22,1
Not-A-Seagull,1
unclejemima405,1
Pr0power,1
lod254,1
lifeordeathsworld,1
reddit_here_n_there,1
Coalmunist,1
SmokeQuack,1
archdemonpelt17,1
IceColdKilla2,1
Optic_ju,1
PrinceHumperTinkTink,1
wildblood859,1
IDGAFOS,1
PlayerHOI,1
tetrashade,1
PYGOPHILE,1
Raptorlord102,1
Its_27_Degrees,1
Salemsparty,1
CaptainMagnets,1
subpeek,1
dydzio,1
Jabbatrios,1
Zhadow13,1
DaddyBoJangles,1
flynskwirl123,1
d0825,1
ItsMango,1
Holdfasthope87,1
mayonaise_king,1
radbrad7,1
PM_ME_UR_CEPHALOPODS,1
RySeOP,1
political_dude,1
SharkDestroyer_real,1
awndray97,1
BernLan,1
Maxxy3137,1
20mcfadenr,1
CTRL_S_Before_Render,1
mickeybuilds,1
NemisisZen,1
GeeTheCurious,1
bozzy253,1
badpizzaisstillgood,1
TorchAtlas,1
groady280,1
TheNoxx,1
NegativeCollision,1
profbunsalot,1
BornYesterdae,1
Xltut61,1
HerobyMistake,1
Bartek-BB,1
cheerfullly,1
F4STW4LKER,1
MLCF,1
Kalipseo,1
Almost_AR,1
unrequestedcomment,1
Blmlozz,1
Micr0fir3,1
yti555,1
yeungx,1
nocomment_95,1
Powerman293,1
bebesiege,1
MaybeMessedUpMan,1
LettersareFun,1
ro4sho,1
Purple_Cream,1
SleepyDucklet,1
Blade-man-channel,1
ryan848,1
Tacitus-Killmore,1
bigeye6,1
SuprSecrtClub,1
Edelhardt,1
MightyOwl6310,1
KloudToo,1
MrEvilNES,1
Nuahxos_1,1
bibliophile785,1
BonesWillBeBack,1
Xonram,1
Tactical_Idiots,1
genericusername0936,1
Chtulhou,1
DefaltJ,1
Abscess2,1
Missold_PPI,1
Wario64I,1
Leshi08,1
GroggyHunt101,1
Thermage,1
RAZR31,1
lonelyraddishfarmer,1
up_down_select_start,1
NobodyXNo,1
Lochness411,1
GrandSyzygy,1
Djang0starr,1
blackomegax,1
iCeColdvengenCe,1
endergame2,1
AbnormallyBendPenis,1
Cosmicfrags,1
EyeArDum,1
ANMSSHITPOSTER,1
Graphics_Nerd,1
xXIISK47IIXx,1
AshtonKusher,1
HK_throwaway1234,1
L33Tech,1
wahterboy,1
Surrealinsomniac,1
Bluntman962,1
kieret,1
nova6675,1
CuteK9,1
gmjutt,1
daneelr_olivaw,1
neondr3ams,1
KittenKidd,1
SmellyStinkyFarts,1
Afthamafer,1
Berthole,1
lcfcalvin,1
Adicted2Mc,1
Martinwuff,1
TheGravespawn,1
Dake8,1
Toxlc_,1
fandom_supporting_hk,1
Kinofhera,1
Kuominwave,1
chrisk2000,1
toaster_hitman,1
caoyaqing,1
u9413,1
CodePerfect,1
seanibbers,1
eveFromKarmaFm,1
Joester817,1
isaactai823,1
extreme_stress,1
acwley,1
vickymash,1
moamina,1
eightbighillman,1
Benchen70,1
calithebear12,1
HKese,1
okami2392,1
steandric,1
yourcommentisdumbaf,1
birdlawyer85,1
ZeroFPS_hk,1
Toyletduck,1
Dystopia992,1
J0j0L1f3,1
Axe_Fire,1
IKaruss94,1
jfuryrage,1
trollingthanos,1
__sasho,1
hkantichinazi,1
VeggieBurrito123,1
koloye001,1
kreb,1
here_behind_my_wall,1
yeswecan111,1
ChiliFritos,1
gordon7803,1
MoistShart,1
Chennaul,1
rieslingatkos,1
bloodshot_blinkers,1
Luffydude,1
a-lot-of-sodium,1
Takeabyte,1
NotEvenAMinuteMan,1
your_uncle_SAM,1
adtrist,1
PantherU,1
worthliving,1
themarxistworker,1
awa_2,1
xxxSHxxxx,1
TwoShed,1
ZigguratOfUr,1
SNTVSP,1
notahmod,1
Sch3bang,1
ankylon,1
sunnynihilist,1
Harriny,1
boonteckkuah,1
drueburgendy,1
CookedZebra,1
disposabletoothpick,1
cryana_hk,1
manjer19,1
demvsrep,1
hkmj69,1
Ardicu5,1
Supernatant_R3000,1
wsed_0412,1
adizonc,1
leman2russ,1
chudthirtyseven,1
Lurkingredditatwork,1
vinzrhche,1
KingOfRedditJK,1
Niklasgunner,1
weqeo,1
steev506,1
extended-play,1
Kazemel89,1
PetrifyGWENT,1
DoBioNow,1
jiggel_x,1
flexez,1
aokirinn,1
ImportantFly,1
shching,1
Darkhog,1
nova9001,1
para29,1
Sharplight_,1
TheGodfatherYT,1
autox05,1
Mashmalo,1
We_Beat_Meat,1
suziewrong,1
robertdegouri,1
kul20,1
MazarisPaladins,1
liberateheunggong,1
Trapxcity,1
thunderQbee,1
Arisirisi,1
7heGh0st,1
ukwidgas,1
onehongkonger,1
appbe,1
fleuk,1
www_hk,1
Cavallin,1
Gimmecookiespls,1
cuntymommy,1
jessica_zero,1
Sumoriwong,1
MattFromBoston,1
mcyopps,1
Nemian007,1
zootme,1
rusty3474,1
dallasmcfly,1
udenuden,1
jefferyto,1
Llamagr4m,1
jimworm,1
GivemefreedomHK,1
A_boy_and_his_boston,1
Unicorn_Psychopomp,1
squid_in_the_hand,1
sadaimawaymessage,1
Beanzie02,1
CLSexpress,1
maxinator80,1
tr3ntishere,1
benzoni9999,1
DukeOfTheVines,1
Asthma_Attack_Inc,1
nikoyo00,1
bilibilixionggui,1
HeroTrainerApp,1
SadHipsterLlama,1
eshinn,1
Shittypage09,1
shadows67-,1
SL209308,1
Sir_Blood_Buske,1
yy_wong,1
Eat_the_Path,1
JanjaRobert,1
StopStressingMeowt,1
crulojexcat,1
EuronymousZ,1
SadLife96,1
armored-dinnerjacket,1
chalbersma,1
andrew701898,1
2Cr1tiKaL,1
Visonseer,1
Draxlind,1
dream996,1
AdamFeoras,1
sheepieweepie,1
DryAssociation,1
BG4G,1
Vmoney88,1
krazymunky,1
shago-,1
emdor,1
free_china_2020,1
barl31,1
thisoldmould,1
Catch_a_Cold,1
Albus_Waddles,1
nixtxt,1
katobean,1
Alpha_Fucks_Beta_Bux,1
DongLaiCha,1
freehoko,1
meiwithhongkong,1
thesonofthanos,1
asiankingofwhales,1
nutty_shot,1
pigpigpigpig8338,1
Sulaiman_Gu,1
bob-lazar,1
cloudyip,1
scarereeper,1
Soapstility,1
Puneetvijh,1
how-you-doing29,1
SnowstormReptile,1
craazymaggie,1
kofrwihe,1
Torrenceba,1
Vernonat,1
UltraMagnus0001,1
Asger1231,1
Pylonmadness,1
SentientPotato42,1
amosji,1
Cherryexe,1
Am_Idiotosaurus,1
lunarwolf00,1
Utsubyo_,1
ilovewingstop,1
blek_blek,1
jocar101,1
NattoK,1
kwongchanlol,1
TajamulMian,1
FrodeTheKanin,1
Gloob26,1
Sumorisha,1
pickllickr,1
kspastroivanc,1
Fr33HongKong,1
SafePanda1,1
Quirl,1
w0l0000,1
la-resistancer,1
PersonalityFinanced,1
PEG2002,1
djmpence,1
MeleeMeta,1
Maxuranium,1
lostcup,1
missmegz1492,1
obiobiwang,1
thegamingkaiser,1
Bombus_Libertas,1
RedditBugler,1
SirSilus,1
mymande,1
Alexzz_,1
UncommercializedDip,1
lucasagostini,1
ParisVeteren,1
edd444722,1
DeFenrir,1
Bisexual-Bee,1
ktho64152,1
diamondenn,1
MaTPheW_FunG,1
gmjutt777,1
Sayfalnabi,1
jimmaksss,1
Chocobiii,1
infernuspt,1
TheHamster_97,1
N1cknamed,1
Firstchinastar,1
ThisPartIsWayTooHard,1
PredatorOwl,1
aquaforex,1
Introvertle_Turtle,1
doggopuppersenpai,1
idea4granted,1
Bolterno,1
The_Brother_Pig,1
Edgyspymainintf2,1
JasonStrafes,1
godhatesnormies,1
wdqian05,1
kafkagoeswest,1
ndougherty98,1
BTWDeportThemAll,1
RadiationDM,1
GayNaziFarmer88,1
SuperKingNicolas,1
puppy8ed,1
HighDutchman420,1
thesimpsonsmovie,1
Tipex,1
y-llygod,1
Thevoleman,1
Fairway07,1
ProbablyJeff,1
jackrunit,1
POS_EIP,1
BluebirdCarnival,1
HeadClot,1
monkeyMobster,1
Damonatar,1
ReginaldJohnston,1
haanberry,1
SiliconState,1
paladinab,1
filletburgercombo,1
KikooTrolling,1
afkpodcast,1
ACBells,1
reddit_tiger800,1
kamikazes9x,1
RandomPersonBrowsin,1
McLinskey,1
YigFatherOfSerpents,1
Kaja-goo-goo,1
woundlicker,1
santakaim,1
otterlui,1
lemonnnnnn3839,1
plantmaterial,1
TazDingoAye,1
Ichigao44,1
myk211,1
XitlerDadaJinping,1
post_panopticon,1
HellaDench,1
my_bff_is_a_cat,1
freehongkong0,1
mani1240,1
Sabreur,1
Dopey411,1
ticonderoga67,1
SirLazyCat,1
Darth8,1
xaueious,1
freakywitch80,1
Tenno_agent,1
gimmemorehopium,1
grvisgr8,1
lmaodan,1
ryonekura,1
fl0ffen,1
Cosmogally,1
kaageecharcoal,1
rainoxz,1
BitsparkHK,1
PROVOCATIO_hk,1
dumb_gay,1
Kev72698,1
Jisha_Tinkle,1
swaf120,1
FibreglassFlags,1
fastboy11,1
bindaan,1
SatanAtHighVelocity,1
ammaart,1
grapeberrycake,1
thatScrubOverThere,1
Jpnoth4,1
Chawklate,1
Meme_Shibe,1
Fools_Goals,1
MyBigFan2,1
dqreddudes,1
carrotcypher,1
killkumquat,1
RedCloudian,1
TheRealPousini,1
thecrabgodofdeath,1
Scratchbrainstormer,1
G0ffer,1
JustKidding456,1
NuggetsForMeNotForU,1
IstillHaveBebo,1
aka422,1
JackieChanFanMyMan,1
carlos_c978,1
ChatotAbby,1
king_zacarias,1
CAD007,1
wsthepurposeoflife,1
Ubityvara,1
Ztumpie905509,1
wwyc128,1
_CookieBandit,1
GalaxyHades1137,1
illjkinetic,1
darkknight823,1
zaza-yayanono,1
ArcanedAgain,1
animfan13,1
HKSUPERGUY,1
Prometheus_H,1
42peters,1
light852,1
Hootrb,1
-_Mocha_-,1
Maskedperson34,1
mage_24,1
fredbubbles,1
auxMemer,1
BuddBath420,1
Labyrinth2_0,1
PandaBroPound,1
AHeckinChonk,1
Ricky_Steamboat,1
cream1800,1
dwiest,1
gay-frog-1777,1
Techon6000,1
Prior_Significance,1
ii88uuj,1
206yearstime,1
iApexxx,1
tashxsmash,1
Re_Memes,1
PhyscoAdmin,1
MsElleTen,1
OhParanoidAndroid,1
AneurysmicKidney,1
Patsforever,1
reed_von_ingalls,1
radishlaw,1
Branflakes222,1
SpartanScout0,1
_Stick,1
NotEnoughVideoGames,1
sunofagun456,1
hopeitsokok,1
VictWan,1
Ronin_1057,1
4rm3nd4r12,1
Greenparrotlover,1
reeee25789,1
JaySheep,1
-Scorpi0-,1
dvnonewlands,1
NeutralAndChaotic,1
kimjongjuvie,1
flotteeconomiste,1
Supermagicalcookie,1
alphacuck_,1
OnlyWeekend,1
videonosound,1
hakgingseitsuenga,1
Cinnies,1
jadebear_jadeanna,1
tibet-tsang,1
Rotoscopic,1
-iwl-,1
Divetaker,1
Abhilithios,1
Fried_Dog,1
Swimonmoon,1
kasderx,1
AcatisR,1
Nae777,1
rcpotatosoup,1
Human_Official,1
bluemyselftoday,1
ProphetPX,1
L-Mackey,1
TyroneMSmith,1
hunterworldfree,1
Pangpang90,1
donaldthumb,1
Zeebuoy,1
PaulTheAquarist,1
UNLVBlaer,1
Ryuu3rs,1
AttackOnTapTitan,1
jindann,1
realdahdah,1
MagyarSved,1
dovahkiii,1
PorkyPigHS,1
Yzmoo,1
IXSynkro,1
NowEndAllSuffer,1
rainNsun,1
lonelyglitch,1
spookfefe,1
Silicemis,1
qwerty9149,1
QARSTAR,1
TankerXS,1
zh80074,1
Schmoaway420,1
hriyspungur,1
mountsnow,1
swimwater,1
lostlandwolf,1
Aakshaj,1
sicariusdiem,1
KurkTheMagnificent,1
AggressiveTardigrade,1
Mew_Knight,1
fdgdgdgdfgdg,1
heha2468,1
sneugle,1
FabricioPezoa,1
TheBlaudrache,1
RC500,1
cplchanb,1
block004,1
kettu-,1
blinkoften,1
spartanmax2,1
XXXJoeFresh,1
Krazedcatluvr,1
Pixel_Drag0n,1
snoosen,1
PepeBismal,1
Trezzux,1
Giovacan39,1
schn4uzer,1
yungfangz,1
NoizeSODA,1
Tripartist1,1
HappyKnight11,1
Rpdaca,1
lord_flamebottom,1
JameTrain,1
cheamo,1
aintscurrdscars,1
BenedickCabbagepatch,1
NukeMen,1
fettuccine-,1
miekle,1
Achers,1
Winters1303,1
BadLilJuJu,1
drakeblood4,1
Zachintheshack69420,1
molehillmountain,1
BoldIntrepid,1
Hanabichu,1
ThunderAssMayonnaise,1
spacewolfplays,1
LateNightHalo,1
D3thPhantom,1
Nicdude99,1
winged_archangel,1
Naga29,1
Muffinthepuffin,1
ddiirraann,1
t3chnopat,1
worsttechsupport,1
ThisIsFlight,1
grednforgesgirl,1
evacia,1
AnanasDuEnfer,1
TheBabyDucky,1
MagischeZeeschelp,1
I_have_the_Sauce,1
IxamxUnicron,1
RubberDougie,1
GIJosephStalin,1
brewski5niner,1
Keeper216,1
Isord,1
CutestNico,1
AwwwSnack,1
Fish-IP,1
Cheeky_Mike,1
Sylabull,1
Zentrify_,1
NicoZheng4,1
AGRisator,1
CalibratedSkill,1
Hatsam,1
TheManWithNoLegs,1
eatyourbrogle,1
miltonberlescock,1
Spyrokid77666,1
downeastkid,1
Pikmonwolf,1
nintendiswitch,1
Goofy_OW,1
Ertzuka,1
pritt-stick,1
Eugix19,1
Insouciance65,1
Denhardt,1
pipotzescu,1
isaacraf,1
breadman051,1
neoslith,1
Akawani,1
Quinhos,1
generalusername1234,1
Darksteve,1
skancher,1
egg_hodi,1
ALetterToSantaClaus,1
pusgnihtekami,1
Artuhanzo,1
HelpIAmFrozen,1
auxiliarytrain,1
geobomb,1
DireOmega,1
--fieldnotes--,1
theawesome12323,1
getrwuegyweh,1
rainmen111,1
rkkim,1
GraveKill,1
Damba654,1
SirSwagAlotTheHung,1
fotzensindabschaum,1
murderedcats,1
Superbroom,1
Scornfakes,1
Botars,1
thesouthturkey,1
fandangogogo,1
pretentious_animal,1
romeobogo,1
EmilyEvie,1
Necromartian,1
PsijicMonkey,1
Certain_Law,1
DivineChaosX7,1
yozyi,1
SoSoEnt,1
Fallie_II,1
LKZToroH,1
Bomberman334,1
santamuerte100,1
ExcellentBread,1
Yehnli,1
Batman94ydoc,1
MrZetha,1
Ilkabosh,1
tropicm,1
WillHellmm,1
GuttaUrsus,1
that_jackp,1
wolfy_renz0,1
Teraphim,1
DragonPup,1
blizsucksdikz,1
CrackheadAres,1
Mygo73,1
Albert_eisen,1
Kuroi_Usagi,1
ocelost,1
itsfeykro,1
ojoslocos21,1
kariers,1
JeromeGr,1
gorebunny666,1
grapedishk,1
HealthyExtension6,1
simalicrum,1
Finnche,1
WippitGuud,1
KillaPelon,1
Evan_dood,1
chickfiggs,1
YourSneakerseller,1
systemasis,1
ShroomGodTeemo,1
DJBlay,1
LeoNardo0406,1
FijiPotato,1
wilbo007_,1
utrocker,1
GoldeneyeGamer,1
ManDownstairs,1
Lord_Hlaalu,1
arigetto,1
KingLouisXIX,1
ectoplasmicsurrender,1
supcc1,1
Malvodion,1
ZataH,1
GryFa1con,1
_Fenikkusu,1
jshaultt,1
RedoSanda,1
fluidityZ,1
Terrywolf555,1
redboy1402,1
GarActual,1
benlandau,1
WolfJoe5,1
bachelor077,1
K40_OW,1
Minoltah,1
ab41k6j3,1
VitamineZ111,1
saggybags,1
Soft_Skin_Man,1
GimpCent,1
sm0kie420,1
starman123,1
nicht_ernsthaft,1
Drekels,1
Varzul,1
sillypiggy,1
Tyronbigthic,1
PwnBuddy,1
MediocreClock,1
owenprescott,1
Zithero,1
OverlordTouchMe,1
LazySpeedo,1
HentaiObserver,1
Jbrooksdev,1
Jwbaz,1
FeelsgoodAlpaca,1
oldent85,1
_Og_Loc,1
lilnigcloutedmartian,1
SlugGangCEO,1
6nat9han,1
xxBarbWireTatxx,1
So-Good-Content,1
echoedfart,1
edzkiyumzki,1
Vault_Tec_76,1
Drfreygang,1
Cavemein,1
We_Be_Flexin,1
oceanman44,1
Akincomer,1
AY000000,1
BathroomBBQ,1
Lord0Trade,1
Rylen_018,1
jonwilkon,1
HxCTryhard,1
jordan_fluffystar,1
ringedfalls,1
buddhist_shrek,1
Islamic-Shrek,1
Destude,1
ScuffedChungus,1
XanCrews,1
Jotate12,1
Permaranger,1
hieronymus1987,1
M00S316,1
StacheBeardMan,1
MicropenisAndy,1
mattyk6666,1
ExpertCatJuggler,1
SpookyRedheadRabbit,1
Hybridged,1
wtfffman,1
bestgirlloki,1
terafonne,1
defiantkinglion,1
NonRacistNiqqa,1
mancub617,1
nlaha,1
SeraphicShou,1
ivebeenhereallsummer,1
delicatoo,1
filterlessvet,1
ChucklesTheFnJester,1
4chan_r9k,1
Karreck,1
ILikeYouYouKnow,1
DiabloImmoral,1
PmMeYourTiddiesPls,1
ElevenToesUp,1
patricioporfavor,1
boku91,1
kannaxd,1
icequeen12,1
sitismons,1
beezel-,1
rikkiviki,1
n0ttomuch,1
hottestpancake,1
Berig_,1
SumdiLumdi,1
DasAdolfHipster,1
AndyLC,1
No1ofIntrst,1
ProtegeMikey,1
mar1onett3,1
Vaxxvirus_NA,1
hkllopp,1
YearsofTerror,1
THE-WALRUS-KING,1
LURK3Rnomore,1
lemonswent,1
slndr_mn,1
PastieC,1
Frank-Planka,1
illusionofthefree,1
cinemassacress,1
sodapop_ow,1
Rukart,1
wildfuture,1
LALAOOP,1
wolfofjesters,1
Nialori,1
Superiority_Prime,1
Lerthau,1
Forest-Song,1
SageWaterDragon,1
Jankonreddit,1
interestingprogram,1
TexHooper_5,1
Aladdin_Yuusha,1
Hasaltai,1
leekleek54,1
Seanenator,1
wf2311,1
Bert-Maklin-FBI,1
FleshSocks,1
LunacyTheory,1
honkhonkforever,1
Archdukeofcats,1
Dpman1234,1
ZyphusX,1
Everdale,1
ZarathustraDK,1
_Skafloc_,1
wolfhammer86,1
ohniz87,1
doomed316,1
LostSpireGames,1
Communism_Fails,1
At-2347,1
fabbygails,1
GAROU_BR,1
analyze_and_fix,1
CanadianNedFlanders,1
bearlick,1
xxAnother_Bad_Namexx,1
starius,1
iplaymarimba,1
Explodiums,1
MothrFKNGarBear,1
Devil-Never-Cry,1
777777xd,1
Bubba102996,1
PartyGamer14,1
Parallel_Line,1
therealcynze,1
Jeezcakes,1
JCanzo,1
PainPlaneDuzPain,1
Baked_Lobster4,1
BloodAndRust,1
FeintLight123,1
xProhan,1
Axialgamingtech,1
ePICFAeYL,1
KnownEdge,1
siljexs,1
ThePuppeteer2000,1
Gaunter_O-Dimm,1
Massive_DMG,1
ThatEmoNerd,1
madgecko2,1
KleverKat,1
eXUsE_mE_mAaM,1
LinhDoodles,1
Tinyango7,1
AlbinoRabe,1
NooneUnderCenter,1
Whaaluigi,1
Lampppu,1
n00bo,1
Ins0mn3ac,1
Inkiepie11,1
HammerSpam,1
bpan9739,1
ToiletsAreDanger,1
Arathilion,1
SASCOA,1
Absynthe_Minded,1
Sammiver,1
Boycott_China,1
TheoVR,1
ReinkDesigns,1
ashtonjarrett,1
PulmonaryArcheryy-,1
DefinitelyNotSpooki,1
N3RDZ4LIF3,1
GayFurryBartender,1
beetdownpie,1
Meliasjohnson,1
Peregrine2976,1
ThatLearnedKid,1
piggywarrior2,1
SillySotek,1
iitheman,1
boom_katz,1
firefighter_82,1
KnowMatter,1
ArbyntheChief117,1
ParagonFury,1
mumdadrstd,1
invisus7343,1
Aquaserge,1
Mrm2003,1
EpicSausage69,1
QuiGonKingPin,1
oh_no_its_ish,1
Decorous_Whisper,1
manint71,1
420danger_noodle420,1
ChrisMa130,1
perogies,1
meiforhk,1
SpoontToodage,1
Pinkman-Exo-7,1
Yeeters-Mcgee,1
Too_Big_Of_A_Drag,1
BobFukinRoss,1
mrwolf300,1
lil-penut,1
BartChryslerIsFat,1
AaronHN,1
Adnef03,1
oizen,1
Kaiznier,1
reddi_4ch,1
NoUsername189,1
Thorns23,1
KittyTheDog1023,1
AnimalChin-,1
spanishbeast,1
hentaiheathen,1
FlappingMishey,0
BrotherFong,0
Gabialia,0
Undivid3d,0
tonzo204,0
glamecheleputre,0
pampidoopi,0
Eraen,0
yasir987,0
Loksuk,0
Zarodex,0
vov12012,0
Exalteddream,0
2Manadeal2btw,0
RuneRobin,0
supportwick,0
B6sh,0
rhernhdz12,0
chubscriber,0
TPDS_throwaway,0
En1gm471c,0
_illionaire,0
one1jynx,0
andwilly,0
nephy_ow,0
UwUlawd,0
Lesterberne,0
drpowercuties,0
3T_BaTe,0
deltapai,0
InsaneSnipzz,0
corywatch,0
AxeDecapitation,0
dumpsterfucker,0
rshall89,0
P2K13,0
finlandpua,0
ViperTheKillerCobra,0
neverkwrong,0
Wooblyboob,0
Hinz97,0
SoundDesperado,0
JohntyTheGod,0
Gordoshka,0
Gettys_,0
Choose_a_name_later,0
Tyrajalurks,0
untermrad1363,0
YourDailyDevil,0
MetalMermelade,0
Haakkon,0
yewheng95,0
UmbrellaMask,0
kla425,0
Belyal,0
chudleyjustin,0
NotMonicaLewinsky95,0
Nightstrike_,0
bomi3ster,0
Welcome--Matt,0
tueaday,0
Vox_Populi98,0
balencedrago,0
Akumati,0
sonicj01,0
magatonman,0
jruff84,0
Azoruk,0
Oggydog89,0
FardHast,0
TheAtticGoblin,0
The_Real_HeXed,0
grooverhyme,0
griffman1025,0
Three-Of-Seven,0
know12345,0
pianoblook,0
MurkySympathy,0
tendrils87,0
binaryfireball,0
TarheelramZ,0
alalvkvk11,0
jsbcello,0
_KarmAe_,0
flyainhawaiin,0
Russian_repost_bot,0
Babystickman,0
Sarias_spirit,0
b10m1m1cry,0
PeppyHams,0
ImLuuk1,0
LotDog137,0
iamnotroberts,0
DSjaha,0
soulzek,0
LocayleOregano,0
HeliumPrime,0
memeshroud,0
Nikovei,0
Heli0s1313,0
Wingo21,0
HeyH0wdyHey,0
suavebirch,0
TyrTheSlayer,0
leis33,0
AmazeK,0
Jon_Snusberg,0
rikolafafel,0
grantedtoast,0
demarcoa,0
MartinD738,0
Wyzerus,0
azraelcfc,0
SavageCentipede,0
raisinlord74,0
verynearlydying,0
i3anaan,0
mike2060,0
eyalchen,0
-mint-,0
AyySeb,0
Maxsterr,0
sej27,0
OldGreGG-IIDTA,0
OrionSuperman,0
StriderLittle,0
Intil,0
chronic_bowls,0
bluurgg,0
TheLichKang,0
donaldo3,0
THISISMAHHSWAMP,0
Calasin,0
Midnightsky867,0
julesbunny,0
Bruhdooh,0
Lost_korok,0
Barrowbro,0
ZoneBoy253,0
Provokadeur,0
GoodJobReddit,0
MichaelRLaBerge,0
1mGenius,0
zero_ms,0
og_tipitius,0
Shankdizzle,0
mrathlef,0
henry_b,0
InflamdProstate,0
BlizzLostTouch,0
Acidyo,0
threwoursoulaway,0
Oachkatzi,0
AlphaD00m,0
Aratho,0
weekendclosetgunnut,0
Schumeschu,0
ToniT800,0
Jechto,0
denuGeometry,0
Floodingpuddle,0
tjapking,0
brillenschlange123,0
Jesus_is_my_ward,0
tradeclassytrade,0
Wubs4Scrubs,0
omnic_monk,0
Lucentbark,0
meloshot1315,0
Pohiar,0
Bernardo1979,0
Gryllodea,0
Ale2486,0
everettjohnson564,0
ad-cs,0
VividPlas,0
wittywalrus1,0
CarnegieSenpai,0
tarrega0x0,0
CritaCorn,0
MokumLouie,0
Tsugua354,0
viskocrack,0
megafilipe,0
Robinette-,0
awolson,0
SAMEYSABBAGH,0
theendofthestart-,0
ketofourtwenty,0
AWildModAppeared,0
gucknbuck,0
Bolf-Ramshield,0
Jiissen,0
FerricDonkey,0
elegantmuffin,0
mtgsucculent,0
dakubeaner,0
pittsnoggle,0
HumpingMantis,0
Koridian,0
quacak,0
AwestruckHat,0
oh-about-a-dozen,0
Halfjack2,0
OBestia,0
Blazingmadzzz,0
RevolutionarySmell5,0
swiggles_cs,0
_TheStrat_,0
e_pluribus,0
Ogre051,0
Putnum,0
tsundude,0
tmddjs8753,0
jeromelmd,0
meme_slave_,0
TDSNG,0
dzx9,0
PikminWarlord,0
XEdwardElricX,0
Door_piggy,0
Jezarean,0
Seanpinyo,0
DocJupiter,0
not-MrH,0
Shameek_,0
Elvenlizard,0
NeverLucky21a,0
ImJustAHealer,0
CaptainAlphaWalrus,0
Traveha,0
illidan50,0
Silent_Spell,0
aydanemeryremyarian,0
pokemaster385,0
gn0xious,0
PlsGiveSSR,0
N3zike,0
9Kumiho,0
W4RRI0RR,0
arian213,0
DoctorFincher,0
StreetyLamp,0
Anonim2021,0
Spottymushroom,0
sugarglue,0
A0340D,0
Offended422,0
happy_new_jesus,0
RiskyWisky,0
HenryChess,0
orka16605,0
KingBotQ,0
Lyle912,0
skinnynerdguy,0
CraneDJs,0
ToasterVonToaster,0
EarzMorgan,0
Abjone,0
kinwai,0
Wyzero,0
LTQLD,0
SpankThaFudge,0
ULTRA_Lenin,0
ForTexi,0
Bonifaciooo,0
keyvin,0
Nimda10,0
notgordonbombay,0
Huup_Huup_Barbatruc,0
pickledrewwho,0
Paladinion,0
ELPAPAPAPA,0
GnammyH,0
PayPwnz,0
Trapped_In_A_Vessel,0
theex1661,0
RuiGomesPT,0
PM-ANIMALS,0
GRYOLOCRAFT,0
cse97,0
HoWell_wasTaken,0
Evilous,0
Keramg,0
The_NoLifeKing,0
rmelder,0
IkanusJ,0
MeladTheBad,0
dlp_matias,0
Bye_nao,0
DrunkDiabetic,0
bwells_1320,0
cons013,0
Oro_me,0
Rise_before_Dawn,0
vngphx,0
-Josh,0
_Chartos_,0
TeamTyler,0
BlamRob,0
a1205690421,0
Wolf_PSG,0
MrbeastyCakes,0
koko_nuts,0
tolkienbooks,0
11irondoggy11,0
avikdas99,0
w0bbbles,0
JoeyJuke,0
TheDean84,0
OrganicGolem,0
trizzo0309,0
Unwarranted_Design,0
AzzanderN,0
KnightorKing,0
___aes___,0
Soulerrr,0
Azurethesniper,0
znlsoul,0
senkradr,0
thedramon,0
Chesterbobby,0
Reveoh,0
WaSupMeinNegir,0
Mysticzizu,0
Tobsnbert,0
DEMOCRACYN0W,0
firl21,0
FellowHumanNeighbour,0
skybali,0
stonehearthed,0
bdsmmsdb1,0
The_Yeezus350,0
Echye,0
SadFrogo,0
Kdog122025,0
ArthasCZ,0
TY-KLR,0
Pwrh0use,0
N0sirah,0
TheGoldenCowTV,0
BlizzardThePooh,0
ZagrashUchiha,0
jostler57,0
MrTversted,0
chriss1718,0
Zinth01,0
TWPmercury,0
sparklypants102,0
WickeD_Thrasher,0
JulienBot,0
I_am_MagicMike,0
invaderzz,0
Rasul583,0
TheNameIsDaemon,0
throwaway-freehk,0
Fisk_DK,0
robiton,0
ZambieDR,0
DjKimimaro,0
Jettiki,0
DrinkWilk,0
FatherFrogg,0
RanzuSC,0
Yellowhalls,0
KingDarkBlaze,0
nagash666,0
Zerunt,0
psychomikoo,0
Fiktorianin,0
Unl3a5h3r,0
AndreaPersiani,0
Xytal,0
jormahoo,0
nicobissen1,0
metal079,0
jbenga,0
Nalikill,0
themaanas,0
Rhye5,0
boomstastic,0
Glarblar,0
BiggyZ32,0
Crashnovuk,0
jeffdude4,0
Gabrielthegatherer,0
Archlichofthestorm,0
Castrospaghetti,0
dissentrix,0
SirCwolly,0
Temtaq,0
IraqLobster122,0
Apache_Cox,0
kaorkaoris,0
lexared,0
nutpuncher32,0
AvailableBookkeeper0,0
SaltaKem,0
Gullreven,0
cobra53golf,0
TRE_ShAdOw_69,0
nikeiptt,0
InquisitorGrand,0
4thekung,0
Moustachio_44,0
Stupid-Twink,0
Atleastimclose,0
MamaDjan,0
Funzole,0
ethbell,0
Shuoh,0
oldmancoyote22,0
Gmasfavgrand,0
ExerXV,0
ThriftySeeker9,0
wolfchant123,0
dice_the_gamer,0
OKRUTNIK_2137,0
legend99_,0
M_Roboto,0
mjc9806,0
acetominaphin,0
Keokithederp,0
TRDementedWombat,0
Peacemaker228,0
gi_motta,0
AyayaQueen,0
Nurarihnyon,0
Princess__________,0
DrD__,0
minecraft69wastaken,0
DePortagee,0
ajfirecracker,0
TShartist1964,0
LatinDovah,0
kianjz_,0
Link_Tidal,0
gubthescrub,0
dragoran12,0
Ryussa,0
thecheesedidit2,0
Deathnabotl,0
dartsa,0
ihatemichaelbay,0
DanReaver,0
EpicTrapCard,0
IustinAK-47,0
MorningPants,0
nowrongwrong,0
MagiusPaulus,0
dudeski90,0
nocturnal20,0
Nutcrackit,0
NihiloEx,0
dozdeu,0
verbindungsfehler,0
deadlyavo1,0
ceylonwave,0
Torndao_,0
NJJo,0
wrdit,0
AsboZapruder,0
Euthimo2k,0
Real_Johnriksen,0
Random_Lebanese,0
grrodon2,0
olumpuz,0
Ivan2Nguyen,0
wilfredrickson,0
ThadrikaTonkas,0
Kalasz,0
MagnetizedWater,0
Cryptic-Panther,0
njcuenca,0
keeirin1625,0
dor121,0
Pattefolle,0
British_Din0saur,0
Azaiko,0
turity,0
Magical_Griffin,0
FergeunBG,0
dreams1987,0
szoni23,0
Pussyhunterthe6,0
cacciatoredifrottole,0
captainmeta4,0
BTechnokapitalo,0
Inri137,0
kasekamrynjaggercorb,0
GuysWhoIsShe,0
Saltitombo,0
NoelThePotato,0
dwgr8ergolfer,0
Mr_Genetix,0
hoodiewitaboogie,0
N1LsKI,0
neworecneps,0
not_that_guy_at_work,0
SlothkongCR,0
joelsmega,0
Winklebottom,0
Ezzeze,0
beanboyolo,0
damiaan1234,0
Ossy-BTW,0
mox35,0
fireaffinity,0
kubasemi,0
LegendCZ,0
fight_for_anything,0
memememe223,0
Takumi46,0
Corysi2019,0
look_at_that_cheese,0
Gold_LynX,0
TemporaryTax,0
Aloil,0
HanSullyman,0
Hugz78,0
-Kactuar,0
Verdunz,0
Gotrix2,0
Furets,0
King_Moonracer003,0
Noodlemanatee,0
readerman7,0
Deathdancelove,0
TigerKirby215,0
YourEverydaySR,0
freemiumwaffles,0
PalmTree-NeckAss,0
Greeninja5,0
ApollosDeath,0
I_will_delete_myself,0
IndecentBr4ve,0
TJS0,0
Unicorn017,0
blizzardbadhkgood,0
SotaSkoldier,0
BER_Designer,0
UnderFinancial,0
iNuminex,0
Yatakak,0
ManiacMansionNES,0
stonekeep,0
MtgNerd-lord,0
Lamentati0nX,0
smerson1,0
antera111,0
weatherbutinspace,0
zero_fox_actual,0
JordanEatsPlants,0
Downum_The_Divine,0
ReprieveNagrand,0
Yazorock,0
WorriedBanker,0
WargleRathat,0
TantalusGaming,0
CiceroTheBackstabber,0
liamdevlingallagher,0
Sephiroth9669,0
012954X03651,0
ashlexd,0
TeehSandMan,0
manchw,0
StrickenCross88,0
JustFapped69Times,0
dgdino,0
StarfoxSadnesss,0
jankonio,0
bmking69,0
Your_Animal,0
deevee12,0
Elgarr2,0
HauntedWeen,0
shmavee,0
mpontakos,0
laubtom,0
only777,0
NerdyLatino,0
SnackyBox,0
TheDrDroppedMe,0
CourteousEnd785,0
danido9,0
TheMysticTomato,0
Lowestsam,0
NynNyxNyx,0
madmk2,0
FudgingEgo,0
Shadi211,0
robcruv,0
Heisenberg6six6,0
theal_mighty_spek,0
Shaukuku1175,0
tipskishan,0
Oddnaught,0
MrFanzyPantz,0
OVERLORDENKI,0
BlackWindBears,0
BabylonBash,0
Shirear,0
YP_picpic,0
Dialgak77,0
Toaster-Crumbs,0
sFAMINE,0
trckyboi,0
tyman621955,0
Shinagami091,0
Albitron,0
OwOWutSThiss,0
fessuof,0
thatsdrpuffin2u,0
karkarp,0
foo337,0
Yolteotl-Ben,0
basmania75,0
Nofreeupvotes,0
chubrak,0
stubobiscool,0
Revolving_DCON,0
DeathlyMeme,0
KelsoTheVagrant,0
Pancake_McGee,0
TheAwesomeNoah,0
avonhungen,0
060HC,0
Snajperista313,0
paoloking,0
jalex54202,0
bigneeek,0
Drauul,0
Bacon_Nipples,0
psychederikk,0
morethanlegend,0
Devishment,0
PuzzleheadedMenu0,0
HuntBoston1508,0
AnotherGraham,0
SPEEDYBUCKETZ,0
30thoffeb,0
JointEffortYT,0
SirW0nderBeard,0
Oink1188,0
reviewerhouse,0
Jimmy4609,0
scrolling2654,0
logan7452,0
Gegenter123,0
j0shlindsey,0
StupidCupidShow,0
QuietBreakfast,0
icanhazsalvation,0
KALtheAl,0
buddhika_reddit,0
anthonyda922,0
Sliksteve,0
aBrickThrower,0
ItsJam3z,0
sarahchang9999,0
hypnos_64,0
BountyHunter115,0
codeboss911,0
fersay777,0
Ebadd,0
what-was-his-name-,0
lord_jeff_v69,0
Totaltrollface53,0
zijiyemu,0
Tomgreen24,0
Jetavator,0
lemon213,0
islafisher9211,0
dopedude99,0
dankzerogames,0
MoNKeY-HoRDe,0
xPanaisx,0
shahin2702,0
xnevox,0
TrueProGamer1,0
SlimJim-_-,0
Edan5500,0
klumemes,0
fear_head,0
sajid7690383,0
mcpat21,0
Mumtaz9661,0
21lewisstennis,0
greatmuffin1,0
Kickass_Wizard,0
yamneco,0
Aneeeemesh,0
StigTheDriver,0
iulian0505,0
Maaikewew1,0
Attair55,0
Yasirmemon,0
linonav,0
D1M1Y4,0
bzyt_5,0
fwttwr,0
ripl3i,0
Lollys_Are_Best,0
AlPrimos,0
Zarakydragneel,0
Gaber2020,0
IamMumu,0
UTube-Mattahl,0
Splatulated,0
KSK_GermanEagle,0
BuckledSpice,0
DiepsteVries,0
25_buttholes,0
BillyMecham,0
najam9849,0
WillisRamirez698,0
GamerKvs,0
Cyathene,0
Darkwolf9008,0
sensicase,0
sphinx2400,0
Fmoneybaby,0
josephr97,0
DataVeinDevil,0
KASGamer12,0
SnoWFLakE02,0
nextstepnick,0
Charleloe,0
uw88sg,0
Blueberrium,0
mooglegamer,0
ULTRAmemeXD,0
TomskiGames,0
DieBackStudios,0
Faavaro,0
Solsting,0
KCXCV,0
wellthenvideos,0
Chat_S_Randomly,0
webmasterad2,0
Papaackowchowa,0
Schpopsy,0
britainunwrapped,0
denny31x,0
abdallahcz121,0
Matteoni33,0
fsdirect,0
Bokimane,0
TheDerpofYork,0
wheble66,0
rushi40,0
dz07,0
solidshave,0
angellpatrol,0
SyndicateMLG,0
joslindlie,0
TheLordofMurder,0
Edmeir,0
Galaticknight,0
OldNerdOldGames,0
SuspiciousExplorer5,0
tekkenfist,0
CaprisunChan,0
supermassimo0310,0
michealjcaboose87,0
Skylx_Azurl,0
generalIro,0
finemenyak,0
Gamer7669,0
dessie84,0
KinggLobo,0
Samba_21,0
MaarekStele7,0
cohenleohal,0
ecrob527,0
Exorzist,0
Thomsetti,0
TheSquigglySlug,0
max_paeload,0
NurRayArt,0
AmanullahAfzal,0
Beardtopia,0
grandmaMax,0
Arstotzka_best,0
Afk94,0
Pecek,0
water_anus,0
Redditghini,0
dc-love,0
ludwigblades,0
Sergeant_COM,0
ovisis,0
kalute5120,0
c0ldflame23,0
bnfdolphin,0
CaptainDogeSparrow,0
Otaku_Cheng,0
KarmaHunter77,0
nophonevalet,0
Sujjest_Jeff,0
Archie1896,0
Luftwafey,0
The_Great_Buffalo,0
qtzirl,0
silverzero316,0
novasmurf,0
NOTaUSERNAMEperson,0
Baseball3Weston12,0
calvin426,0
PuGzLi,0
Marcelusortbynew,0
Paranoid-Andriods,0
gr8ful123,0
Anthony_plays01,0
ZakkyPants,0
bubba121704,0
zeltic01,0
vienna95,0
PatoKINGTITO,0
George2110,0
mokortz,0
Fraction25,0
BlogJogosDigitais,0
Dhamzy_kay,0
___DEADP00L__,0
Redseve,0
DudeistSpiderPunk,0
SammyJ30445,0
Psyonix_Schuyler,0
ahmad3093,0
ArtStyl3r,0
sentinel682,0
OWEN626,0
Thelastsonofbob,0
steve_ali,0
tmanxxx,0
tootyfruitysummerluv,0
EliteGamer1337,0
Here-For-The-Comment,0
Guitarrenchip,0
ImGegix,0
Schifty,0
malmordar,0
Torvusil,0
timesoyun,0
StryderXGaming,0
jackiejakal,0
Austinsmommy419,0
-_-_-_-bambi-_-_-_-,0
Nalefari,0
Oivvoh-_-,0
mohaee,0
limegreenbro,0
TLSGGames,0
michael14375,0
Duffain,0
glassishalfull,0
TheKing6198,0
xboxplayde,0
tommy-jeans,0
ShootyDoggo,0
Fern_Fox,0
XVll-L,0
rustin312,0
Vorgier,0
solidsnk65,0
PND_STREAM,0
myheronogo,0
ThatsAgg,0
PsychDocD,0
WillBar01,0
xboxplayes,0
nuihuysnim,0
blackreaper43,0
TheRealHades,0
Tricolorzz,0
the_flandrew,0
Hot_Daimond2019,0
TamimAziz,0
Zoomer501,0
renny811,0
chiliNPC,0
Way-yy,0
OneCrafter17,0
alphanocten,0
Kingfearghus,0
splatbutt117,0
RoseCinematicYT,0
YaBoyLlooooooooyd,0
I-SO-READ-IT,0
Critmonkeydelux,0
Unknown_Adam,0
dr3wzy10,0
Almighty_Echo,0
t-h-e-chief,0
SpillingerSA,0
Ruby9000,0
ItsXenoslyce,0
TheseNewtsOnYourChin,0
Thunderdestroyr,0
RaichuWaffles,0
ShadowMerkz,0
kingofperu808,0
Shroozy,0
antihackid,0
2_Coolio,0
jasonandhiswords,0
CoolNig69,0
SLASHERLegend,0
polioas,0
bdanidot,0
stumcd1,0
The-Flame4234,0
The-Unknown007,0
AquaRaptor64-NP,0
mxz_yt,0
yuribotcake,0
tallbutshy,0
brodsgaming,0
ImACumWhore,0
MainerGamer,0
SSJ5Gohan,0
EverySingleMinute,0
shudduh,0
Gamerguy1991,0
THESCOTTishGamer1,0
weebick,0
mariorac19,0
dcpcion,0
jack455r,0
biohazardcast,0
zerathru,0
capitano_insta,0
oreosrgud4u,0
DerpturtleXD,0
joseph-keen-2021,0
Lord_Blathoxi,0
master25999,0
K1ngSc0ut24,0
Avengers1432,0
plobster,0
jaysonlunar,0
CinematicSeries,0
Tlundy11,0
framman17,0
TwoDollarMealDeal,0
HonestlyaBot,0
LionHeart180,0
juniorericwilliam,0
eat_like_snake,0
TamerOfStrange93,0
Timmeew,0
Scorelock,0
Gr33nanmerky13,0
Satanshandss,0
FlightX4,0
throwawaylikeme1234,0
heart_a_quack,0
tmbx_yote,0
SwiggitySwaggg,0
Whodeyredlegs15,0
teachertmh,0
m1ntyzak1,0
mk1611282,0
Surgent920,0
BKGAMEZ,0
65mariokart,0
NolifeX,0
CrissSR,0
Symbiotic_Tragedy,0
worldsgreatestmarble,0
mk1611288,0
lordautismo_me_doods,0
itsKingStar,0
thecrimsonwolfie,0
Skiingfun,0
Elie0_0,0
typicalasian1,0
MasterCharlz,0
vdm81828,0
RKOGENESIS,0
rb1611284,0
mukesh4235,0
PizzaTacoPizza,0
heroic-gaming,0
Fart___Sniffer,0
Uneequa,0
mlopes,0
wowiethatscool,0
One_Day_Dead,0
madhupunna06,0
akshanshk__ak,0
EWForPres,0
Nelson213213,0
SymonSezzz,0
Idiot-_-Savant,0
Gid3on5,0
MintOreo25,0
ThinkeR_DvX,0
Sharpes_Sword,0
MCGaming1991,0
nigaiamapony,0
pizzasmart,0
gulfstream115,0
Drozolath,0
Stevie_wonders88,0
MythOak,0
YoureAMuggle,0
Roxasbain,0
AugustG3,0
SurvivedFlipCity,0
Dragawh,0
Mrtop10viral,0
Wilsonlarasuper,0
3Sea,0
Aisoar031,0
ShortSightedGG,0
Philip-Freeplace,0
JAUNTYa,0
Komaki_Parry,0
birthdaydog,0
Toxenity,0
thatdudewithknees,0
kv155,0
Zennex_Zen,0
fondlemysoup,0
Jamesv1985,0
dizzy_rhythm,0
Games_Knight,0
Bidfrust,0
bunnywithahammer,0
Skyrst,0
HeHe_AKWARD_HeHe,0
arkreder,0
SeanzGaming,0
H0TSLUT,0
cactus2233,0
PubesOfOurFathers,0
AkenRazu,0
staddann,0
QA_frog,0
Crow_caws_caw,0
Tiolicser,0
JohnRichard22,0
Uniquenamesaretricky,0
bugsixx,0
DishiestOrc,0
Cthulhamari,0
skt2603,0
CegeeZ113,0
ovh47377,0
FireMugen,0
Ladlien,0
dudlebum,0
Sonyguy98,0
KILLERDOG7YT,0
DineAndDance,0
call_me_bhaijaan,0
a_stressedDev,0
DIeG03rr3,0
walkermello,0
sklaboi,0
SuperDeann,0
Shikiyama,0
purchogaming,0
AzaDov,0
-Cryotek666-,0
pcgamefree,0
_perks_,0
RuouCuaQuy,0
madzuk,0
JXSTYLES,0
Ben0ut,0
RAYGMG,0
tr7272,0
arpaQ10,0
glutenfreebee,0
gtafan6,0
Akuvo,0
trygvesund,0
xNieminen,0
MR_GUNTHER13,0
von995,0
choosy88,0
johnkappa,0
GAMEISLANDtv,0
Fronchy,0
borris11,0
grarison92,0
digighoul,0
NoBaecon,0
Ygrile,0
NiwiGomila,0
furyytudodegamer,0
Blue59,0
ItsYaBoyeApolo,0
moldworp,0
yokoon3o,0
Alchemisthim,0
AllRoundAmazing,0
Playstation-Beast,0
Michaelx1776,0
honeasia,0
ADitZzUYT,0
Angela_Bangla007,0
Multi-Skin,0
MelonChiVes,0
NLH1234,0
Mcrazil,0
VaBeachBum86,0
Bearskopff,0
horseman707,0
nautry127,0
ABigRedBall,0
FapNRun,0
SplatInkling,0
GroundBreaker648,0
Rire7Eif,0
Terryblepun,0
username91119,0
MedallionSlate,0
NorthArtGames,0
Sergei_666,0
Lighto12,0
trippynibba,0
Newtsb,0
Daddycum6988,0
jeef,0
Meme_Time_Captain,0
wassim9820,0
Dadonutlover,0
hu5h55,0
AshyEatsManyPotatoes,0
aranna00,0
Kie723,0
neverunderestimateme,0
H2ZM,0
RocketRetro,0
protekt0r,0
MakarovPsy4,0
ballsofwisdom,0
Gingevere,0
RanroGaming,0
Lutharias,0
HeylookImMobile,0
calcobrena,0
BlaanSarge,0
StuffandThings85,0
LORE-above-ALL09,0
Hainz-Sauce,0
FakeStanley,0
ChoochiePlaysGames,0
saltyvape,0
Armonz2408,0
Ritleyy,0
ahmadcreationz,0
Krakenader,0
flammableisfun,0
drlqnr,0
Jmoney1932,0
Varietis,0
philthyfork,0
NintendyReddit,0
Bloodie44,0
Tybayaga,0
Supercargo428,0
Drink_in_Philly,0
FootballFanaticsYT,0
Fahad05,0
MDTO,0
Soul_Burner,0
QuizzySSBU,0
Leakimlraj,0
SaltyDoor8,0
ElFenomenoMCoC,0
AlwaysAdam569,0
cirquemedia,0
AteWeed,0
a_raymond3,0
fieldisrequired,0
mansonfamily,0
buyingaspaceship,0
Vincent1808,0
BassBanjo,0
MuksyGosky,0
romeogoswami,0
bablumak,0
TwitchCIips,0
Rslashhuman,0
FestieQuokka,0
bisquick_quick,0
RubyGTR,0
NotBiasedz,0
popsicle_of_meat,0
Painthesilence,0
PubliusQ,0
palliharja,0
Videokingthebest,0
Bill_Cipher42,0
StoneSatsuma,0
stoned-grappler,0
stingerized,0
technomlp,0
Beezleybuzz,0
psgil,0
Daemon7861,0
Dark_Lord_Fluffy,0
TomahawkKevin,0
Bar236,0
Antscannabis,0
shaikys,0
AthosTheGiant,0
Tooindabush,0
AttitEWD,0
Masonuch,0
SuckYoMa,0
saumil_dixit2,0
emezea,0
Hang_Kemal,0
robbierodriguez,0
pikknz,0
allylovesharry,0
Tehhdrummer,0
Stone_Cold_Pineapple,0
Almighty_Tallest_Red,0
The_Og_Memer-420,0
Indyfanforthesb,0
cfnmaustin,0
IIWild-HuntII,0
UnavailableUsername_,0
tehwolfs,0
Demintyy,0
bozclues,0
Tachinis,0
Thumpeeee,0
Joergen300,0
definitely_good_guy,0
Homeland8,0
mkhan333,0
PhatClit,0
Thanos_Is_Gay,0
rakibmahmud1819,0
Scruffy_MkII,0
HelloItsGod,0
Hoontera101,0
Copegaming103,0
techalihd6,0
PokemonGoForLife1,0
2dreviews,0
mixrush,0
Yomko,0
MehdiTrickz,0
KingPigley,0
drucelee,0
mkokkoris99,0
NoMoreRequirements,0
Qwiso,0
Keidek,0
hitler6942000,0
cptMcL0vin,0
LMSPR,0
dkearns82,0
The-Illusive-Guy,0
li_masky,0
stappernn,0
TheLadyNefaria,0
AirborneFeces,0
lazzercircus,0
thatredditorwhoupvot,0
Cthaat,0
ABannerBoy,0
IAMTHEJOEY,0
Memphis122006,0
AwayPerception1,0
OgGamer20,0
eab421,0
WhiteWolfWes,0
IndustrialStudio,0
secmeoyunlar,0
EdgyCaucasion,0
tr0tsky,0
rodriguez344,0
grimreefer42O,0
Mewzykman,0
GandalfTheWitch,0
hockey235,0
ayeshoothoes,0
ellamorgan22,0
luckydo8a,0
PortalRian,0
Windblowsagain,0
IAmAGuyWhoLikePink,0
susayy14,0
ANotSoAttractiveBear,0
MikeCateley,0
cimmic,0
AmatureProgrammer,0
jiggijiggi,0
thekappazone,0
XenoBurst,0
Player13205,0
Cobbtek13,0
0ahu,0
ledgendary,0
Halligan1409,0
Critiekills,0
GrandmasterBow,0
restartmister,0
Charon711,0
skippydoes,0
TateLangdont,0
xboxplayfr,0
HandCrampPC,0
Zaptagious,0
Nighters,0
Deesing82,0
Cyber_Wraith,0
hainisabel,0
geritolman,0
tigerthunder15,0
VincePierce_,0
reinatatou,0
WargWrestler,0
KindConference,0
seb406,0
Koilered,0
sssblackwolf,0
Qrispy_,0
JoeDice,0
laylow_lofi,0
reed38,0
HarleyVR46,0
denireaux,0
karr7224,0
Negative_Truck2,0
Neko_Otaku,0
Misterleo02,0
Teahouse_Shootout,0
undeadmith,0
donsihina12,0
Zah96,0
xboxplaygames,0
Doormage,0
Redit-boi,0
AYYYDIOS,0
Derek_FoxWit,0
ItzPupYT,0
Garrth415,0
Josaphu,0
MaskoBlackfyre,0
SimonFaust,0
SenorPuff,0
SIRUNKLYDUNK,0
ImTheCobraKai,0
JC0246,0
R4ygin,0
zapiks44,0
sukuro120,0
Wizecracker117,0
Randi_Butternubs_3,0
floralcode,0
theinquisition,0
basicboy666,0
Bush-Did-911,0
itsthepax,0
hellothere42069,0
spoonyone87,0
PooPooDooDoo,0
HardCor921,0
Legiteagle,0
shaunoxley,0
BlooTON,0
Niksttv,0
wormoxx,0
shadiwthethincat,0
your_mom404,0
spacetimematters,0
lilfonsi,0
boringasmomandapples,0
BumbleNump,0
jgallarday001,0
boldedbowels,0
dimmondback,0
tehcheez,0
Parictis,0
Sparx419,0
simulacraddison,0
Axcend,0
Flecky986,0
Abdoov,0
SqueakySri,0
nworie,0
Ryuuou_8,0
KidsplayTown,0
Danielmecir,0
Savage_Vandal,0
NickyTys,0
AgitatedPrune,0
jaygamer1986,0
donnylimz88,0
rbyscrm,0
itbezacc,0
I_haku_I,0
SaintGuymoski00,0
Iuri_N,0
NukaKitty21,0
TomBaker95,0
ByEthanFox,0
Persian_thoughtz,0
Risky_on_keyboard,0
Singhiskiing,0
NoCensorPlz,0
TheGreatFore,0
M2lit,0
TheJucheisLoose,0
KnightLight03,0
ligmakun,0
chunkynutella,0
ftbljustin,0
KonataShana,0
Dhargon1,0
kopter526,0
ctcourt,0
Hybrid_Blood,0
specialist1999,0
AlexKVideos1,0
Doopiepooopie,0
HydrooTheUnappealing,0
Madlenart,0
Loonbell,0
GlassesRXNHelp,0
kanoteq,0
lzantal,0
dat1kidthatsjustmeh,0
hippityhoppityfrog1,0
Gryz00,0
Drizzl3,0
TheAzatar,0
kiokurashi,0
Nookless,0
jtutt293,0
Magnicello,0
Beater93,0
moneymaker2467,0
SometimesCocky87,0
epikriot,0
runicwolfsoul,0
Royal-Pistonian,0
mikeycraf,0
mikethemaniac,0
EnigmaZeroYT,0
pipe546,0
strangersgoodbye,0
Brazuka_txt,0
Haitacchi,0
pieofdeath123,0
Phoenix_Ikki,0
miqi685,0
Wolf_Erik,0
Posti,0
tomoefuchs,0
dingogordy,0
Ksetgo,0
othitman47,0
milkshay,0
Imnothereok,0
MooMooHeffer,0
Mattshodo,0
The_Hater_44,0
Bacon-Wrapped-Churro,0
PREPARATIONKH,0
Konsequence93,0
Raforis-MLT,0
shamalayabeoi,0
AddMySnap_brad102102,0
murdermyCaulk,0
nappyman21,0
TheBaconGrill,0
dasklrken,0
annaltony999,0
SumYT_,0
ytskny,0
DoctorMasochist,0
B4nanaFish,0
JHON_MU,0
dandan271012,0
HayleyGurl99,0
ZadocPaet,0
mystache_,0
Camaxdriey,0
ActualComfort6,0
Madcap_WTFGG,0
jkh604,0
anohioanredditer,0
VMPro247,0
sky_is_the_next_pewd,0
ClerkB0y,0
Hiigara85,0
theasswipe98,0
motext_moproblems,0
Teh_Sea_Moss,0
dunaan,0
therealsonier,0
kodochredbull,0
undercoat777,0
Supergupo,0
Anderously,0
-QuantumFury-,0
Darkshaunz,0
bentech1,0
mycathateme,0
ryanwashington441,0
FBI-open-up847,0
Nyrotike,0
Stonecyphergaming,0
autosdafe,0
CasuallyCritical,0
LiquorEmittingDiode,0
tommine_yt,0
Poindexter2291,0
Cpt_Burrito,0
robnox,0
goldtaker12,0
StreetSmartsGaming,0
RAD_or_shite,0
Mythicalyeet,0
daisonvacum,0
AlphaWolf1138,0
Itachiispain,0
iBlameBoobs,0
Chitzy33,0
Castlevanic,0
cubeincubes,0
VOODOO2424,0
VincentDieselman,0
kopydat,0
Im_Original_YT,0
Jonny43,0
Yzix,0
VVuggles,0
Adyan129,0
ogsauce69,0
Hearthsoul,0
DaGoobergoobs,0
spybraek,0
westartedafire,0
proxbawler706,0
Bambino326,0
SanicDaHejog,0
KeepPhoenixweird007,0
66655383837,0
Haltopen,0
awesomedan24,0
sponchboi,0
jakeking19,0
Canadian_Sapphire,0
MadKat76,0
dialup1984,0
vangard128,0
darthphallic,0
dinohunterpat,0
DovahkinIV,0
AVOCADO_BOOII,0
Derewd,0
LunarSpartan,0
Powerchordman,0
Shyomin,0
jamieluna66,0
smiley_dead,0
iberian1580,0
CCMHUNTER,0
robotrage,0
gclo,0
CrazeVidsYT,0
AllouttaRum,0
shadys714,0
guavochops,0
kinklefjoop,0
I-Have-An-Alibi,0
TheBaconBurpeeBeast,0
Tyrannosaurtillerson,0
Luissv72,0
colaargott,0
Xphny,0
T8BG,0
cashmerecov,0
compasrc,0
ofmachines-,0
Archontes,0
ThePatheticSaiyan,0
Insane_Boricua,0
Nahtanriel,0
JamesDCooper,0
cakefordindins,0
karty135,0
lepfrog,0
Lucdav14,0
UppedVotes,0
Alcatraz1331,0
CommieBlizzardScum,0
GeoTheDon,0
jcox043,0
dazedjosh,0
I_am_potato_sack,0
Bossboy745,0
lightningwolf_uwu,0
YoutubeSkrappy,0
GutterHunk,0
MeowsePad,0
IVIUT3D,0
K0M1jo,0
KoolyTheBear,0
PmMeUrCreativity,0
gottamemethemall,0
Yappadeago,0
loren17lim,0
IamNewAsWell,0
troisangroi,0
LolZoeMain,0
Harys88,0
plainsmartass,0
wizkidace,0
SkunkWolf690,0
squeezy102,0
atomgaming2019,0
Videowulff,0
bussterr,0
ryeetan,0
fouiinasss,0
AvoidingTiger61,0
Skhmt,0
timtam1834,0
ctaetcsh,0
Nickjp,0
Exyvia,0
iwanttobedrawing,0
bemo_pro,0
Natexorz,0
schmidttywipes,0
Azu_Raged,0
yourroutine,0
Helios14,0
Janemaru,0
IMidoriyaI,0
Mintsed,0
Mortum1,0
ReckMyTeckDeck,0
rpanko,0
SgtMcNamara,0
dw4rven_,0
javaonline99,0
tonyhawkjrjacob,0
Da_Gucci_Dan,0
ShakeNBakeMormon,0
Boring_Victory,0
WoooshMeIfYouStupid,0
Tommysmith88,0
Rubyink,0
KyoHamashi,0
Willibombago,0
BarnamedSue,0
Jugglerbsloth,0
Typo_Ned,0
OfficialCoinScholar,0
corey_cobra_kid,0
edward-ty,0
Mayonnaise06,0
WhamBamThankYouClam,0
o0PETER0o,0
LeBruhMomento,0
SpookyScarySkelet0n,0
chrisgod52,0
anodis98,0
kushontop,0
yumines,0
Abdullahiali,0
GeniiGames,0
tallginger89,0
shams3322,0
ky-roii,0
Miska_tonic,0
Hadron_Music,0
HKPoliceThrowaway,0
arashz02,0
ItsBFella,0
vrgamerdude,0
semi-reluctant,0
nutitoo,0
OutoflurkintoLight,0
keuloatia,0
4alz,0
mistermoustache0,0
GalaxyLDAforces,0
Rogue_Professor,0
JPlesner,0
kickuarse,0
globnam,0
sam_horvacraft,0
tulikipuna,0
Flugsvampen_97,0
Snowy_YT1,0
dtheb91,0
MrButterUnchained,0
SoggyChewToy,0
PiRatGameplay,0
logdenn,0
Stunning_Performance,0
krumkiller355,0
Patatou_gaming,0
baka_foreal,0
Kashin-,0
hmmmmmmyesbutalsono,0
DJ-potat0,0
Dlatrex,0
Register007,0
Kord_2212,0
FunzigVentje,0
BlueEmberStudios,0
dpritam589,0
klantenservice21,0
PandaSwarley,0
mrfortniteisgay,0
my-brain-is-strange,0
arsenicrose,0
Tackerta,0
MrCluelessGuy,0
up_in_dahus,0
basinko,0
turtle_farts69,0
KalinSav,0
PresidentWise,0
CevicheLemon,0
CeltAssassin15,0
Savageschool13,0
Kaga-Ryosuke,0
calibrono,0
JamesSemaj69,0
S_Tsalidis,0
kliptonor,0
TaxWatch_UK,0
TheFuriouswc,0
TheFeelsNinja,0
JackalAbacus,0
GetDatGil,0
PIKA_CUBE,0
sheeran7,0
curtislomein,0
1bestplayer,0
CamdenF,0
pornolicious,0
DecadesUnder,0
skorpian1029,0
SeizureOpa,0
Blakeley00,0
xGetDiddled,0
astrocreeping,0
gynnihanssen,0
TAR4C,0
tripplebuzzz,0
ZappBrannigansLaw,0
9edro,0
SpaceGreg,0
badew,0
EnricoElbis42,0
GAMES_WAR_,0
WatchGamers,0
Viperwolf96,0
Fightmusician,0
gage91360,0
minhsung187,0
InfHorizon361,0
i2ad,0
briansensei,0
senseiZac,0
nemagno603,0
EpicMatt28,0
HaxTrickz,0
JeffGhost,0
shrek-hentai-69,0
FaintlyYT,0
Melissachan,0
HairyKnees,0
animekid117,0
Slavlizard,0
theraptorgamingboi,0
Biff_Tannenator,0
RandomlyBroken2,0
Malagong,0
PsychoMantis_TheBoss,0
epabafree,0
randomdudenumber6,0
kmlrahulrao,0
Juggernaut06,0
iopdat,0
Tristan07504,0
WaKi_NinjazZ,0
mhs619,0
breoklin,0
whatis_bombs,0
Yeet69lasagna,0
juditerbaikdi,0
Deepfried_Lemon,0
atrolux,0
deadpool0spidey,0
bryan0512,0
wixard-of-ozkertt,0
dzhon_frick,0
El_Meowblo,0
majorsemen,0
cherry_soda9,0
halftoxic,0
VivaLaJam26,0
SaysEureka,0
Xxzzeerrtt,0
iKojan,0
Ciscoblue113,0
Termite04,0
LordRobert12,0
carlthebobman1,0
OG-Master-of-Derp,0
Mikola_Games,0
Gyoonsung,0
YOUR_FRECKLES_PM_PLZ,0
Cowbear07,0
lkgforhelp,0
NewCodeSource,0
pvpmies,0
thieugau,0
SargeantMasoff,0
chris8115,0
FinAdartse,0
PlanetSparksps,0
Boieru,0
ImpeachMyErection,0
Stavie131,0
coreythedesigner,0
BitMan20,0
N64Josh,0
cottonbawlz,0
FallDamage312,0
BalloonRock2411,0
taylor52087,0
Dadality0628,0
DumbNoobGuy,0
Dreamcast64_,0
SergeSorokin,0
wutermaloneJR,0
RepresentativeShine6,0
EchoAbove,0
MPuth1299,0
YeeYoot,0
GioGonga,0
Ionicpear,0
Master10113,0
spidermojo22,0
Weaslelord,0
DinoPhil,0
ehmeyekayee,0
BlueOctopusss,0
Vivid_Traume,0
kampinisu,0
KG5607,0
echospark52,0
p0k3r_f4c3,0
firetypecharizard,0
123ldbhati,0
mftnhsdiq,0
Luc4_Blight,0
TheMightyEli,0
PG_Glenwood,0
Greenwindu,0
bilboturdins,0
FROMtheASHES984,0
bulkaster,0
helpdeskimprisonment,0
slabdabs561,0
Ant0ni24,0
risquel123,0
yeetLeaf,0
BabyFaceChase7,0
TheIndySSD,0
Log813,0
crap-born-ded,0
jose4440,0
Mr-Generio2,0
RealToadPlayzYT,0
hoopderscotch,0
BrandoLoudly,0
pyobo,0
why1313131313,0
NightxHawk38,0
Pennarello_BonBon,0
pepa11,0
Astophy,0
Sooo_Sheikh,0
Whaaaatsit,0
tapatiochopper,0
eduazy,0
CobaltAlchemist,0
RobWolfB,0
party_walrus,0
LOLMrTeacherMan,0
akwmw,0
TurkuSama,0
ArmanTheBest,0
ILOVECHICKSWITHDICS,0
demmian,0
Leo_vc,0
cocothewildworm,0
ChuckFlorris,0
Soviet23,0
dingdonghello94,0
JiggleSnapper,0
Skelldor24,0
iOracleGaming,0
PressTurn,0
HeroKillerStainn,0
GallowBoob,0
grumpijela,0
Darkbahamuth,0
talibnoir,0
_Karambit,0
Khalifa_UmarII,0
SovietOnion66,0
pander-lesh,0
TeamHypeStreamers,0
SevenPandas,0
Wilanator,0
SpiritFireGaming,0
Dameean00,0
Smart_Doctor,0
doesnt_sell_drugs,0
droidorat,0
HunTerBLack85,0
TheRamZey,0
ROZpolsha,0
SuperLankee,0
ioanrich28,0
yaboiducksuck,0
atrfx,0
Braquiador,0
Irishbane,0
MetallicBucket,0
CL4TP_,0
convict99,0
derbecrux,0
Some_Shaun101,0
cristovski,0
theunscrewedspartan,0
RegicideRnB,0
UMomHasTheBigGay,0
CoolAtlas,0
Jay_Chasez_24,0
greed272,0
zoratunic,0
aditya_149,0
ParadoxX20,0
Shucksaroony,0
Calico_Ranger,0
NewColossus67,0
Beastmodebob9646,0
DrBeaver-PHD,0
lokithepoodle,0
cehteshami,0
Feanuruz,0
TummyStickers,0
TheIronGiant05,0
LabrodexStudios,0
Joshua842877,0
LORD_ODOG,0
Chris_p_toast,0
TheBoringSod,0
TheJJTV,0
Flurxo,0
IDK_Maybe_,0
Oravital1,0
bisantium,0
Flasheninhalt,0
Naruedyoh,0
baphy006,0
SuckerNumber2YT,0
Joshwam,0
DrewZank,0
LoL_Videos_YT,0
jpwinkis,0
technoshield,0
chrisyroid,0
Bulltex95,0
Palko258,0
Depression69_420,0
singh2899,0
aravenbelowthemoon,0
Leo5445,0
NewtV3D,0
Wenrus_Windseeker,0
Fluffyboi-Fox,0
IIIlllIlIlIlIII,0
metroidfangirl,0
shapkael,0
BeautifulJustDaWayUR,0
GoosemanXD,0
Ragellama,0
Scerball,0
OkPermission8,0
FelixNoHorizon,0
DNihilus,0
XJackatakX,0
Ratstail91,0
Klabbidoo,0
Luucky23,0
4thehomies,0
thegrrbrr,0
ulie8086,0
Jertob,0
WeebChad,0
Ships66,0
RainbowReaper22,0
SandboxAdventures,0
muppetpuppet_mp,0
S91011,0
sirsnifalot9126,0
HFOrangefish,0
Dr_Fisz,0
TheHunterZolomon,0
geberinator3900,0
SomeKey,0
SillyTheGamer,0
touhou_is_fun,0
gingernuts13,0
Mickle5,0
HelmutIV,0
MusicColorsYT,0
13Hemlock,0
thealienfromearth,0
SituationCornflakes,0
bruhpaciti,0
moizilla89,0
phenibutskyhigh,0
MyNameWasTakenTooMan,0
timschin,0
catmemesaregood,0
RockDude69,0
dan18350,0
notthetoast,0
ElsadikON,0
DuxDrive,0
itzonlyme999,0
RJMTheScottishGamer,0
Ebrale,0
TheMysteriousWarlock,0
Email_404,0
Wolfencreek,0
starstufft,0
caraccount11,0
PepperRon,0
mememaster96699669,0
BenShapiroMemeReview,0
Drewbrowski,0
Juthehop,0
Ammo4life,0
xVindice,0
SuperSansCraft12,0
TheRealDonaldTruck,0
noname_neoman,0
TiggersKnowBest,0
TheDigitalRhino,0
enryb_mkx,0
2vetsgaming,0
Mr-Klaus,0
WonDante,0
miklill01,0
TheOneWithTheAfro,0
seyfo03_twitch,0
Mr8BitX,0
savitrar,0
Nka19,0
GigaDW,0
QuantumQuantonium,0
ShoddyEvening,0
Brandflakesss,0
Adam_W48,0
ThatsNotMyAlt,0
one_man_show66,0
magenta_placenta,0
disappointingmemes69,0
Royal8800,0
Azndrummer09,0
5ladew1ll50n420,0
PaJora,0
bglago,0
onionsinmypants,0
ShcruteFarms,0
Xpyred,0
CompilAPEX,0
NCatP_returns,0
BrowniesGoHam,0
charizardfan101,0
Imapartofghost,0
wschwarzhoff,0
Zildrann8,0
TitteymacShwag,0
TheNonsenseGamer,0
TitanBrass,0
TruckFluster,0
lensfort,0
NeoZorkke,0
Tdude212,0
wildbrute,0
analogHedgeHog,0
LLgaming1,0
Altri,0
formlex7,0
PrestigePyro,0
Snake328,0
siber_stan,0
dwakeparkfield,0
windchanter1992,0
ecrox,0
teaEngineer,0
xColourTheory,0
LegosiJoestar,0
Llyde,0
LeanFoo,0
jelindrael,0
organic_crystal_meth,0
JoonDoe,0
Emkaysclone,0
shreddedaswheat,0
dollpartonstan,0
JoshZroWendt,0
TrentJComedy,0
GeneReddit123,0
model-home-invasion,0
portallzaine,0
mukinz,0
TheHandlebarRanger,0
Millad720,0
TetraNomic,0
RedGtre310510,0
Thopterthallid,0
Cardboard_Chef,0
Raul_The_Juarez,0
Rosesmith300,0
deifeild,0
barrarmistead,0
Android24,0
thetolietboi,0
LEUZAOO_,0
xGALEBIRDx,0
jachenob,0
23x3,0
Gootah,0
Chef_Boyardeedy,0
j_vidal,0
mantistoboggan1697,0
Gavin_11,0
Overclock101,0
minihummus,0
folding_chair_rick,0
FeetBowl,0
BeachSamurai,0
SwordLegion,0
Colerobertb,0
BReyn13,0
GriIIed,0
dertswa687o,0
whicketywack,0
ImKnownToFuckMyself,0
BeatIsChemical,0
Plungerhorse,0
Moochz3,0
shreeder335,0
Skyblock590,0
blueonredditpatrol,0
tooshiftyfouryou,0
DatBoyJerry,0
YeOldSpacePope,0
Teebombs,0
TheGameGuy55,0
speedyrain949,0
DonutDood69,0
AsEinstienOnceSaid,0
Dragon_yum,0
WillOfTheLand,0
ZSIGGY,0
spaceballs9998,0
ChrisTweten,0
H3CTATE,0
mentos_are_good,0
TheLegend27_69420,0
MyPainIsHere,0
TheTurboAwesome,0
ThisSin,0
McMilto,0
sarcasticIDK,0
bigpeen6969420,0
MrKapkan,0
SobeyHarker,0
BarzanBlue,0
IAmRedBeard,0
suodrazah,0
Roberth_Terra,0
Solid-Snack-e,0
fortunecookiesay,0
pepinallo11,0
bellissima93,0
nagathenaga,0
JustLifeYT,0
Longboard_Bongloard,0
Whale_Sounds,0
johneyt54,0
Juof,0
Dickinbae,0
Vrishkin,0
ASaltyToast,0
Snufkin1390,0
FriedChckn,0
doctorcrimson,0
ImOnionJam,0
dr_cat36,0
SuperOmegaMemeLord,0
thatteawitch,0
Aquilax1291,0
Alienforger,0
TTV_U_A_BUSH,0
Rohan20176,0
bogglerock,0
Cdnskater,0
comefindme1231,0
beond,0
na-na_on_reddit15,0
XtMcRe,0
amandusXx69xX,0
Nikaloz,0
onein9billion,0
BoHjalmar,0
Ladnaks,0
MaskedWiseman,0
DrippingInTheFinesse,0
DredgenTenebrous,0
ImMcL0v1n,0
New_Survivor,0
drjohnson89,0
ChirpHornHD,0
bobekyrant,0
cluesthecat,0
TheStoryMaster,0
Ociron_,0
Lonstu,0
NaviChild,0
Deedesai,0
19082001,0
Vampire_Adven5,0
Glowing_Dwarf,0
penthief,0
roikay,0
SmallRobot_YT,0
Memeoverlord73,0
the_commi_patato,0
ImADucc,0
Truelyinfamous,0
LadyLevia,0
Plantagenet_Gaming,0
CalebKappa,0
Madisonwiw1,0
Jiffletta,0
MortyVulpus,0
5dnb17,0
abhilashboss135,0
gamerztop07,0
Nerf_AK47,0
Shailendrabal,0
ritu55,0
Blip_Blop_Bing_Bong,0
Thonk_exe,0
BloodSteyn,0
glass_house_gaming,0
PCMM7,0
elyezar,0
GotThemBabyLungs,0
IdeaMeat,0
unjustodin,0
sniper376,0
Oggieplays,0
PercyJackson755,0
lukeman3000,0
mylonix,0
CALITAtudor,0
H0n0ur,0
iamgoti,0
BioFrosted,0
Eggfire,0
lets_be_truant,0
hyperactive_1,0
anaimtk,0
daniel2596,0
I-got-no-life,0
WOKEASFSJW,0
Noboro,0
Gamenthusiast111,0
Squeakypig23,0
F1BOZe,0
BlisteringBernacle,0
P_o_s_s_u_m,0
Angeliqueslayer,0
Arredrin,0
Tuism,0
rotenburk,0
DarkSniper64,0
Oxxide,0
4GJustice,0
Lightailing,0
prolelol,0
kondenado,0
trollperson2,0
lawjarP18,0
PersepsuiR,0
mrbrownjeremy,0
CHUGGUM,0
MattyD2801,0
RyFlawless,0
russ0074,0
Skult0703,0
nomad2589,0
NotYourDadsMemes,0
DerpDulli,0
DB1_5,0
Iguanasquad123,0
webberworks,0
PitifulPainter,0
TSM_Dusty346,0
AvoidMySnipes,0
lesbinin,0
LaunchedKnot777,0
safescissors,0
liltrigger,0
TheCorrectAyhZad,0
nic_prensado,0
TrueOsaaru,0
xxx_ShadowFoxLover,0
diceNslice,0
LancasterNotYork,0
kobol78,0
LineKjaellborg,0
Screwdork,0
Himankan,0
kaputisch,0
VacaDLuffy,0
Chii,0
arcone82,0
maria-kere,0
TheDachschaden,0
sonovebitch,0
HelvetioJR,0
GoldenEagleStudio,0
URLOGO,0
Steve_En,0
shug_,0
DukeMenno,0
MattBryceOfficial,0
DannyHallam,0
Derp531,0
ShinichiBaka,0
_SaiPraneeth_,0
Dopeydragoon,0
Spypals,0
blackbearjt,0
HRVAT007,0
ILuvSUNWALKING,0
colecharb,0
DP7OOO,0
Busyraptor375,0
tayyab43442,0
gerwant311,0
racconslayer101,0
tcc050108,0
deadtzar,0
In-Kii,0
BroHeart,0
ViralGravy,0
F0REM4N,0
sugwhite,0
Quicksilver9099,0
RonaldSutton1,0
OH_ShotZzZ,0
madybaev,0
picasso888,0
ableaaron,0
justinchao740,0
john215728,0
ThePizzaDuck,0
aleius94,0
65ksubswithvideos,0
MassssiveLegend,0
TAGamerKid,0
Trophycrusher,0
Brackwell,0
x10102,0
SPAGET_BOIEZYT,0
defytime,0
RaulsterMaster,0
kigganon19,0
GenericReditUserName,0
Johnnila,0
Theringofice,0
Spare15,0
Jamie_L12345,0
afriendofsatoshi,0
RadioActiV_YT,0
SIRgame_a_lot,0
WeedyTheKid,0
DuffyDark,0
farhen17,0
scoops22,0
Last_Mexicano,0
MrSlyFox007,0
MegaFerret777,0
BroknLnk,0
VeryDustyWeeb,0
vkuma,0
Dragcoin1,0
Kont0,0
ardentious,0
Gunther1888,0
crantlex,0
TitanicpurgatOry,0
RoXoR_CZ,0
JackU_U,0
titsfkr,0
DandurlyDarry,0
vandtex,0
RIPFranz_Ferdinand,0
RuskiYest,0
NSNIA,0
andrew_proulx,0
pic2022,0
skootmoon,0
blackseax,0
thecamo6,0
ecnerwaL47,0
shooty-mc-shoot-face,0
SavageCabbage321,0
OhManTFE,0
mrdicknballs,0
ami_cool,0
sjsieieke,0
Spark_Chaser,0
segArobot,0
_amasse,0
updownvizzii,0
Dagnabbitwhodat,0
nopantsdolphin,0
neiltylerfloyd,0
hellotheredontmindme,0
Cursed_Quartz,0
ConspiracyOfBacon,0
stevenwargo,0
acrolicious,0
blockbusterChina,0
siraznallot,0
0therSideGuy,0
Squide08,0
frstyle34,0
Mwshafqat,0
zeeyellowdart,0
ethanholmes2001,0
GoelGamer,0
pasta_is_good735,0
MartiNwithanM,0
Jonis13,0
ZZEZ73,0
Belalmondeo,0
legendmilkgamer,0
Don_Ozymandias,0
thermidor9,0
HE11R4ZER,0
victor20B,0
boddah666,0
Loaf_of_meat_,0
bobsmith808,0
CallMeSaltine,0
The-Jedi-Apprentice,0
PrionsOnMyMind,0
GregsChugLife,0
MrBushcamper,0
-Howitzer-,0
rslash729,0
BlakShadow47,0
citylion1,0
UnderarmsAreThePits,0
darkFartKnight,0
MysteryFinery,0
illisiar,0
DandelionGaming,0
Player1Pedro,0
AllTheCoins,0
ItsTrue102,0
lastfuckleft,0
RyEKT,0
YT_WoodRuff,0
CantStopPoppin,0
LordLoganX,0
crispycrown,0
Clutchben,0
Heckaleckin,0
metalsonic27,0
actRaiser1452,0
CaptainJarrettYT,0
danoDaManoSSB,0
tuannghia143,0
shui_gor,0
lokko12,0
L33D0,0
SneEzeChoo,0
ToastedToastToaster,0
archery713,0
Croemato,0
CreepyTaxi,0
Tweed_Man,0
Cyae1,0
benrat05,0
mediashiznaks,0
randownlane,0
PkFrozeN,0
Sugar-rush123,0
Star_Ga23r,0
Bitw55,0
bckirk85,0
Bhawk-11,0
S0laire0fAstora,0
Lando1619,0
hartfarm22,0
unusualprincemel,0
Roushhouse,0
ethamburger,0
supercrusher9000,0
Ricsixdd,0
Doge49,0
AFC_PRO,0
Honeywell2000,0
notathrowaway45772,0
katphish69,0
Grt38,0
Slippyweener123,0
vinagrebalsamico,0
JHawkBoomer,0
Seventylife,0
BogdanGhita,0
RantsWithRogers,0
ArchDucky,0
LanceAndrews,0
ZipBayless,0
For-MotherVodka,0
HowBigistheMap,0
Thespoopymur,0
LookingAtMyButtHair,0
Minefoot,0
Dragon_Shiro,0
lRevenant,0
yeetskeetmgeet,0
mau_siq,0
GUthetedster,0
DingoKis,0
PE_Xslop12,0
Dalegendaryrocke,0
A_H_S,0
SkyIsLimittt,0
GarfSnacks,0
superstar91108,0
noahrjb,0
tokenblackguy90,0
YananHelena,0
gouhp,0
Tarkony,0
hugoboosh,0
HolyHandGrenade93,0
tulkas66,0
AFK_Keys,0
OPartigiano,0
wolfdog2345,0
JacqueslwsReddit,0
matteomanzo,0
Fuhgly,0
2cool4u556,0
HogyBun,0
TheWaterlemon,0
CowboyDuckling,0
slayer11228,0
Stickguy101,0
_Rylan,0
UpwardNinja,0
One3Two_TV,0
tyw7,0
Dustifier,0
DragonCortex,0
no_u-01,0
MeDanP,0
CDXXnoscope,0
Chocomoco13,0
Thegalibe,0
Lord-of-Rats,0
doeln,0
callingFives,0
HOLMES52,0
CheckurLock,0
globalklaus,0
theLEVIATHAN06,0
MaxGreenerz,0
tag0sa,0
mach5music,0
IG_BlondieSF,0
starlogical,0
AayKay,0
mutant-titmouse,0
OneMadBubble,0
rossc999,0
ShadowWeavile,0
superSoldier123-,0
Xx_morg_xX,0
Mezxv,0
fdn2,0
ShartPoopAss,0
blitzcloud,0
Schrecky69,0
mrj0nny5,0
SchScabe,0
Bungee_gun,0
Janglin1,0
panda_smasha,0
Towynmutt,0
Daarfi97,0
OctaviusMaximus_,0
lettuceboi420,0
TotallyNotSledge,0
doge-coin-is-dead,0
Apotheosical,0
GISP,0
aaros47,0
cosplaykolby,0
Scolarnt_Steve,0
joannofarc22,0
MushyMemes,0
imadtos,0
charlesleonthee,0
Blitz_Is_Hecka69,0
Daltron5000,0
thatvietnamesedude,0
Megabigoof69,0
proud-pollock,0
imolrac,0
Toymaker23,0
king_777_oblivion,0
solosamurai13,0
Darthboney,0
laughtrey,0
You-boy-Luis,0
JordanTheOP,0
Tweekus,0
beluck88,0
The_Pacific_gamer,0
simplychickens,0
G4ming4lif3,0
DoubleMint_Sugarfree,0
nivlac46,0
blacksheepsvcx,0
EndersM,0
sky_oot,0
Journeyboy1,0
FluffySignature,0
siikpsychotiik,0
Sagacious_Sophist,0
minecraftergameing88,0
ShinigamiJeiku,0
yvgh233,0
vypermajik,0
im-not-fbi,0
Yanoshank,0
xNether,0
Pyro_Pyrate,0
Sykonest,0
Briansey,0
magic_man_with_pot,0
AW_DELORME,0
AtomicBitchez,0
Jo-Daddy,0
That-Rhino-Guy,0
86Baxter,0
Harvin,0
ThePyromaniac22,0
Memeulusx,0
slimeyraider,0
Mikey2808,0
allancaesar,0
Kassthesasslass,0
Cjmx5,0
scdey,0
parkerraines1995,0
f1nn01,0
KaitoDex,0
breadstick36,0
captainagility,0
digitalchaser,0
MaceOutTheWindow,0
JohnnyH2000,0
jerelbaro1231,0
dinara_october,0
Leugim7734,0
asone3000,0
Lucho1911-xbox,0
gamyongonline007,0
-APimpedButterfly-,0
lengthybread409,0
oxfordcollar,0
madmoxnix,0
Technojames72,0
PuppyHabiter,0
SuperCanadian22,0
little-conrad,0
GhostfacekillaB,0
LANCENUTTER,0
MyMainManBrennan,0
rinnybear01,0
Shimmitar,0
brother49,0
Rustyfetus,0
_squirrelgirl_,0
noaheltee,0
Arisen925,0
iAmSkinz,0
NGUYENVANAT,0
Stephano2005,0
ZE_Aet,0
maceandshield,0
AJPerson,0
Widowshypers,0
saggymaggi,0
TheProfessorGiant,0
zanyat,0
DeathlySober,0
-JohhnyFive-,0
acey901234,0
XxTyraelxX,0
MiserySnake,0
Sylennus,0
Wecez,0
gcsstore,0
afool352,0
HemaMemes,0
deltlead,0
degansudyka,0
KentClarkisBatman,0
ashish_59,0
DutchDolt,0
fred_proc20,0
Dopeysboy,0
vnkkv,0
Hazy-Dave,0
Higgzs,0
shariqmlx,0
bulldog45891,0
Schmittez,0
tobi-obito,0
Verquinn,0
ApologeticSlime,0
lol_waffles_dead_kat,0
Hexxegone,0
ChunkymoonYT,0
TetaGama,0
tsengg,0
BipolarWolfy,0
YaboiGh0styy,0
SerBlackthorne,0
immortal05,0
Strongocho,0
yesimmad,0
solphied,0
redstrauss23,0
V_Square1730,0
Original_Sundae,0
Veronica_dly,0
StickyRoller,0
brandondsantos,0
Serpenio_,0
lordjeri,0
Offbeatjacuzzi,0
MacRoBu,0
Silv3rcha0s,0
AlistairRodryk,0
drunkguy99,0
jdenverr,0
morty_sucks,0
Searing_Soul,0
The-Harmacist,0
Namreg100,0
SadThermometer,0
Daghanboi,0
Jo0wZ,0
YOUTUBEROMANLAWSON,0
-TimeShifter-,0
Artemitch,0
Business-Socks,0
AngelOfDeath771,0
T-Bone978,0
evnn21,0
PillyGasta,0
ZeVenomousViper,0
Dradwarf77,0
supremedelicious,0
RawSketch,0
aHungryBear20,0
KPeters93,0
Aryan_Modi,0
Infusion82,0
SevEpx,0
TheFuzzyBean,0
SweatyPlanetExpress,0
Alfie_Simms,0
Reddittrash18,0
P2004,0
TheJakeanator272,0
florianw0w,0
Deathlysin,0
PH4NTON,0
goingstuff21,0
Aqul2,0
Garodor,0
kingtav12,0
novahunter,0
FPVMARK,0
ThiccBoiRaptor,0
AceXephon,0
silver_879,0
SpitStr8Fax,0
Minion09,0
MannDerZorn,0
Reaven0,0
Haxedus,0
TisAPrankBro,0
spades111,0
ChrikGaming,0
nastyjman,0
osrsslay,0
Vegeta-Alucard,0
PJC1981,0
Yourdogsbork,0
Nickto2,0
mtimetraveller,0
Sheel2000,0
qq_B00ty,0
GeneoxysMax,0
JemIrie,0
dummythiCCminer420,0
BrentvsGaming,0
DonTrenbolone,0
alpha3305,0
lightandcolorlab,0
Blubbtubb,0
PaleFoxPhotog,0
Currentnathan,0
The_Lukenator,0
oogabooga694201,0
Oprahzilla,0
TheSkyven,0
OpticalFruit,0
Hollow_Wimp,0
MuFf1nMAn93,0
Eltralien,0
iggamer13,0
screamoddy,0
mulmkriegerYT,0
big_acorn,0
Mediumtim,0
Wolventec,0
APEXRRG,0
PokerusVGMusic,0
King_Aryeh,0
1-KGB-1,0
Blood_Reaper,0
TheTussBus,0
BV05,0
TriesWay2Hard,0
Adam14188,0
DuckieButter,0
aids_free_since_69,0
FuckingFaggot101,0
piepei,0
morphindel,0
sailorlun,0
atziapras,0
vedik14,0
IDontHaveAName666,0
Ginger-Ale58,0
Derpwizerd998,0
trohan708,0
medan_marko2,0
aresef,0
Taco_Austin,0
Mafei06,0
lil_fergey,0
SenseiMemer_21,0
C_Geo05,0
FoxGaming,0
McCOMRADES12,0
Unapologetic_Canuck,0
PoweredCandy,0
Therishubajwa,0
Saqilala,0
__Player1__,0
sendhelpplss,0
jupiter-11,0
batoulna,0
IlVesAr,0
shauntheshaunn,0
Patchworkcosplay,0
Hardc0resh0t,0
innocentpinguino,0
teestripes,0
Russkoe,0
mytaimoormalik,0
WestD99,0
FhoenixOne,0
awyeahmuffins,0
LockskeyGaming,0
nikich700,0
Cbourne711,0
spicerldn,0
notsomeguynamederic,0
uncl3mar1k,0
awsome_arnav,0
BlueDevil44,0
dashersacct,0
xsited1,0
TonyBlue87,0
love2sask,0
zingzingying,0
emreckrhn,0
macuzo07,0
CisSiberianOrchestra,0
biotic11,0
mogwandayy,0
n0lifeismylife,0
Jyito,0
outerdrive313,0
ManixMistry,0
Jonestownboogaloo,0
BaiGenadi,0
The_Perfect_Cell,0
missuncleben,0
TheCatsAreALie,0
AnIKEALamp,0
LookerIPD,0
SygmaR_,0
Proxarn,0
Dorzy0,0
VantablackXD,0
mad_lad14,0
antithotnation,0
IOPASnowstrmCatalyst,0
the_t_hole,0
Xh0sa_NightMare,0
FabioEGonzales,0
AL4S4R,0
Braveyapper7073,0
oisasf,0
jandikar,0
Ariskerz,0
Yann1zs,0
starcaster143,0
EnderJah,0
OklahomaRaccoon,0
ThatGuyCalledMatt_,0
NowYouSeeMeme,0
OldBalance2,0
kingpug_asian,0
Boscowong0625,0
microtek789,0
fpmaat,0
HK-612-721-811,0
mrlurkeymclurkface,0
Mikefkm,0
jusarascal,0
y0mattyv,0
NURPAIM165,0
OurSummerInHongKong,0
kiloky5132,0
DaKooshed,0
aldark99,0
xhef,0
ANIMALSOCCER,0
Raimondi06,0
williamthebastardd,0
zhangjue_88,0
khiuclau,0
Josephineloveswine,0
bpepper88,0
slau01,0
evilfatphish,0
MiciusPorcius,0
mad_underdog,0
calrva,0
Akramhan,0
zkzkdh1,0
maisnamraju,0
NMunkM,0
blackhawk123789,0
power4j,0
ancentre,0
no-number,0
me_eat_ass364,0
richardfan1126,0
G3minian,0
he77789,0
Wolffychanfromwiki,0
faiittthhh_,0
CGreenShop,0
silverbluelight,0
xithepooh,0
Vectorial1024,0
Ray_HK,0
sootythebear,0
ChungGordon11,0
12345VK,0
kafkaonshore,0
ncstqnkz,0
lcyh,0
Flexin_the_bAss,0
error_museum,0
Xx_JUAN_TACO_xX,0
HokutoHenry123,0
nosignalable,0
lawpetex,0
sinjim12,0
Sleepyposeidon,0
ZWF0cHVzc3k,0
dnkmstr,0
K7NGComment,0
HKcrusader,0
DreamCini,0
efdu,0
andise,0
winsterpin,0
qapabada123,0
BLUESHYGUY8000,0
FroddyGai,0
dankmemebot1089,0
Galatiansfoursixtee,0
loveccphk,0
Lgapwookie_V2,0
Fatghost_,0
11leecs1,0
mikechowdiv,0
mhatever,0
karmaacct,0
Jebbsterboy,0
Testing123xyz,0
isortofreddit,0
i_never_delivr,0
radiyap,0
LunarRepubl1c,0
happy_grapes,0
Peridot76,0
DaphosActually,0
anyroominthetrunk,0
Loafry,0
PepeFromNZ,0
ConstantInteraction,0
ShermanNg2000,0
free-hk2000,0
lecatton,0
kelkelkelvinlo,0
smallheartcocopop,0
emmamegan0190,0
wejohnytest,0
exex19,0
jeraldpunx11,0
royal_dorp,0
Aiden_lau,0
Chan-Shing,0
MistyMystery,0
Charlie_Yu,0
terrynwa,0
Dzban_Niewylogowany,0
ultimoze,0
Ymana,0
mamamokoo054,0
Quentin-Martell,0
Recaduma,0
TRoastedPotato,0
fitterjohn,0
comradeboris,0
janetchu1994,0
rebilletlovechild,0
wuliwala,0
lostredditordetector,0
RitoChicken,0
miss_wolverine,0
Theepicspartan,0
biccachu,0
SkiwLava,0
YuriBarashnikov,0
Creepy_Roll,0
thien42,0
RikimaruLDR,0
zoehuiyau,0
Haruto-Kaito,0
ObeyToffles,0
Weisheit,0
Chowkingkong,0
found_apple_watch_hk,0
CosmoNitro,0
slowdo,0
FrugalStudent111,0
Michi1964,0
LosingWeekends,0
CrazyPenguinHUN,0
Juslav,0
StalinPlusLove,0
yozoraf,0
waltermcy0110,0
jk192564,0
Joenathanishere,0
Osoneye,0
eloquentegotist,0
johnsondavonte,0
_onlyHuman__,0
Fajorezo,0
Verity_Kindle,0
TejiuTheGecko,0
ItsYaBoi1969,0
Lewinskyandkneepads,0
talkab0ut1t,0
s13g_h31l,0
MAEEKERU,0
alessiomorelli,0
Pughhh,0
indarien13,0
OLDBENSON,0
Blizzard_IRL,0
gnqez,0
dogmeta00,0
username_no_one,0
FrostTroll03,0
ShaunaCapsha,0
SeriousGuest,0
DoctorTalosMD,0
Segremor,0
Jelle1605,0
flimsycownipples,0
Mr-Rasta-Panda,0
CaptainBroverdose,0
MikesSoftCider,0
A-Kulak-1931,0
Sun_Wukong_72,0
mandogvan,0
OfficialAlt2017,0
Not-A-Meme-Bot,0
CodeRedJohns,0
bbiggboii,0
j0nchan,0
DigitalShark5,0
Caboose_NZ,0
xilef1932,0
Pansy60,0
Gog848,0
_Leviticus_,0
leaderofwhatnation,0
VR_Bummser,0
lechef,0
jinhuiliuzhao,0
Ph0on-,0
ballroomboy,0
Wyten,0
Kasmaniac,0
my-nwah,0
schnrwt,0
Prince_Beats,0
Choppy_Ninja0704,0
LemonWedgeio,0
SlightlySmellyFart,0
Marviraptor,0
VaderHater21,0
JaundicedJane,0
TimesPlus,0
tommyaukc,0
karvus89,0
normanbui,0
uptight_introvert,0
EdgarMartinezHOF,0
lordbitememan,0
Timothy-Ho,0
sooooosleepy,0
Nancy1231,0
Suspicious_Dude,0
jonnyjonnystoppapa,0
qwer4790,0
jpeterson916,0
Yidam,0
AshHaven1,0
khw0710,0
125cChina,0
EHDAMDIDUM,0
The_Irish_Jet,0
KABOOMBYTCH,0
integratedcooling,0
sungod78,0
sls1245,0
virtual-redditor,0
AllahTheAbsolute,0
alexand1988,0
Mr__Picklesworth,0
ZexyDexter,0
Zedzizzle,0
LOKSTED,0
Odanobuneko,0
NotBorisJohnson,0
PermaculturaRChiapas,0
BASFreight,0
ChickenWithAFadorra,0
TheAndyGriffith_Show,0
Almedinz,0
Iblis824,0
SanityLost777,0
RANDOM_USERNAME_123,0
TheSetbacks,0
kindredfold,0
doodoopistol,0
Onsolis,0
NoviceRobes,0
aznkalun,0
EyeCantBreathe,0
Rodrigo669,0
bigshark2740,0
plantainrepublic,0
_BearHawk,0
ctrl-all-alts,0
YUNXWRIST,0
BubbaGTX,0
Highest_Sentinel88,0
iamstuckherehelpme,0
iwantfaithinhumanity,0
ikbengeenloli,0
GaYauHeungGong,0
dringus-drangus,0
dakangzta,0
myusernamwastaken,0
Patrickdxs,0
SpeedyChingChong,0
Doparoo,0
OutOfBananaException,0
DecaMonDi,0
Sloan1505,0
theorb115,0
DonDomingo75,0
zerosinker,0
keepgotk,0
hammerface55,0
Inbounddongers,0
Hugh_____Mungus,0
YourSpideyRoommate,0
HowToCreateARedditAc,0
P1_2019,0
sw1sh,0
nightwaterboi,0
joene47,0
Ye_olde_quagswagger,0
rorek131,0
Imalurkerwhocomments,0
FlyFeatherss,0
TheSuperMelman,0
HexImark,0
OnikHassan1986,0
rgsznpakems,0
Downvote_Me_idiots,0
teddybear911,0
TheCustomShirtGuy,0
TaintedPills,0
BOBOUDA,0
jon_show,0
HelenaKis,0
Mofego,0
goldfish_memories,0
SourSasquatch,0
ripthisworld,0
Mearsy1975,0
Retired_Ela_Main,0
smegma_eclaire,0
JamesKSK13,0
Thotacon23,0
heisenbergsayschill,0
VladimirLenin69,0
TheTigerOfHK,0
nolimit901,0
realnomdeguerre,0
depressionxdepressed,0
danstermusic,0
deficiet_oh_deficiet,0
kMinnow,0
nbaproject,0
Fred-666,0
BorLorYao,0
MemeAddictedMigrant,0
Mercarcher,0
JMDeutsch,0
Cigales,0
FappleMyDapple,0
JKB_1,0
gomminator,0
Tolkfan,0
endless_emails_,0
mathiuscov,0
LouiOnFire1118,0
spongyus,0
-StonErick-,0
bigchinese1807,0
phoenix_ash,0
PitBullLover420,0
Usual_Advisor,0
nafka,0
Little_Lightbulb,0
Dolores_Allen,0
justa_sidedish,0
Awkwardlionthing,0
godfaather,0
JBCaptain,0
moriarty030,0
OG_MeisterT,0
Aro2005,0
cmanccm,0
GhostPants78,0
staytsu,0
imjorden,0
Intern3tHer0,0
filip1510,0
Hakozakk,0
_bobert,0
mysteriobros,0
mtnkid27,0
An_Emptybag,0
nakedpaddington,0
JohnnyChimpo89,0
EmbarassedFox,0
Jisker,0
ribena_with_rice,0
necreau,0
PrimeX121,0
Rock_Extreme239,0
Useful_Vidiots,0
Hmmrm,0
thatguy102901,0
werothegreat,0
Al-Andalusia,0
SilentMrDave,0
FastDasher,0
Karatefylla89,0
TenBenadryl,0
Scrumshiz,0
jungchoi0221,0
Veluxidus,0
tehpikey,0
BRAEGON_FTW,0
vvverdi,0
anonym00xx,0
37305305901302300,0
mjtg25,0
Wid-klit,0
gookaney,0
fullskuck,0
Diedrich1778,0
2f9581,0
StopMockingMe0,0
JustinIvan,0
turd_guy_turd,0
asymmetricalnoodle,0
QPMKE,0
Rez_De---GF,0
Nleros,0
lorcanoc38,0
Doctor____President,0
ProfessahTigah,0
ThineOwnHeartKnoweth,0
kingofthesuperfoods,0
Zeiin,0
Lethargicpancake,0
nahmate42069,0
EekleBerry,0
GoszkiMjut,0
PapiStalin,0
violenceandbeethoven,0
dark_iiii,0
ReminiXence,0
comeontoshi,0
cosmic_dragon,0
CombatWombat2307,0
xerogod,0
bean_de_la_green,0
yellowpencilcrayon,0
SupernovaSunrise,0
LemmeYeetDatAss,0
ItsMe-47,0
cold454G,0
Akiinyone,0
MugiwaraRevolution,0
just-a-pedestrian,0
RealDI-S-CO,0
Pangolin1905,0
200m-RC,0
Tr8r_HBO,0
DaniV133,0
Manuelelcapooo,0
Arisene_Shi,0
zen3141,0
H1ROYUKI,0
1tuffysan,0
egg-time,0
hailandwellmet,0
Darth-Jar-Jar-Binks-,0
AnonymousNoPanda,0
BraindeadCarrot,0
DankElectricSocket,0
TopCold,0
Themastermind8,0
Yamodo,0
testUser1217,0
curiosity163,0
CoffeeCannon,0
MoeNancy,0
Bonelesszeeebra,0
S4t0FJWRA,0
BrandlessPain,0
chineboy,0
GazelleSC,0
Horkeypilot,0
cryptacritic17,0
Droppum,0
Pink_Hill,0
raze_looks,0
Sumkidwithal96,0
marxxonsteroids,0
LtZeen,0
FluffyMcNuggies,0
Hot-d0g-Water,0
Rayovaclowenergy,0
SpikeViper,0
Maxxmz,0
GoatPopeVII,0
WhatD0thLife,0
--Mason--,0
Dr__Waddle,0
HouseOfDegenerates,0
pebbletimevoice,0
Zedpzzz,0
ThoughtsAtRandom,0
iamthekmai,0
SexySarcasticSenpai,0
FTP_HK,0
ItzDomos,0
eeeephus,0
Dsj417,0
aPeaceOfAdam,0
Oscar2630,0
bolharr2250,0
OtakuWamaSama,0
iamboosh,0
Zkuldafn,0
OrbitalColony,0
micky977,0
gundalf97,0
MossBone,0
AlphaPrinceND,0
Pea694690,0
domineqq,0
42fs,0
Ensec,0
-WARPING-,0
b4do,0
baesianinference,0
dzy1221,0
pennnymusic,0
jaksketch,0
Stardust_0128,0
MAXcuteAF,0
Jokington,0
supergoku003,0
RoloReo,0
hungzai,0
ShySecretSquirrel,0
lunarlilache,0
ZolliBOi222,0
dually_alive,0
ZayneMCV,0
Shefour,0
Jake_2903,0
Jlvdaum,0
LiberalKiwi,0
Atrassius,0
viridiss,0
bunningsnag69,0
FrozenMallets,0
reza_ruziqa,0
The_Nanook,0
HariyaManawari,0
Sekhen,0
camputhane,0
NoMeta12,0
ptitanp,0
imortalheavy12,0
midget-bogan37263,0
Gsdq,0
Pocketlove1,0
goodlook,0
Dammo3,0
derryainsworth,0
DL7688,0
SanguineRain,0
marbudy,0
idontreallyknow34,0
Akutasan,0
hazz26,0
wcmj,0
lyzlyz,0
ElonIsMySpiritAnimal,0
GaryLinguini,0
henrythechase,0
firen777,0
NearbyDANKSTER,0
atomician,0
happychappyrose,0
georgeboy1997,0
blackfyre69,0
-QWYXZFH-,0
S_Demon,0
HongKongToBeFree,0
Catmasteryip,0
me-is-my-name,0
pescplak,0
King_o_Time,0
killgioe58,0
burnout_boy_grimes,0
thewrench01,0
Just_A_Footballer,0
xxleavemealone03xx,0
GallantIce,0
AnthonyTCYH,0
AnonymousRedditor-,0
TheRabbitSays,0
Zombiepixlz-gamr,0
caandjr,0
jamersjam,0
serina-rose,0
HKtechTony,0
Saxaman,0
MarcosaurusRex,0
grittygatorr,0
saywhatnow117,0
DeutschesOstpreussen,0
MasterZalm,0
PaddleMonkey,0
Xerden,0
EDoric,0
Futabtw,0
OregonGrownOG,0
GattRaps,0
kacperlet,0
Username1213141,0
donnymurph,0
chu1u,0
Et4ivell4,0
lil_yenta,0
MaineGameBoy,0
pzivan,0
Morchel03,0
TheRealDetr0y,0
Booboy10,0
DontMoveOuO,0
diekcheese,0
Jaschoid,0
PeanutButterArmada,0
Bluejaytz,0
Beanierocks,0
Thomas_F62,0
Xtwa,0
kyuree,0
thwompist,0
bigboithrowaway0262,0
KingKAnish,0
HiBreek,0
M97-Trench-Yank,0
Thotmas_prime,0
loge23,0
Xazzur,0
Reetsh,0
29167035,0
Normiesreeee69,0
redTrades,0
Otaku677,0
PubertyAt3,0
Yeetgodknickknackass,0
KaiserDylan,0
k1llerace12383,0
Sugar_Dumplin,0
troutsrunner,0
acthewanderingsoul,0
Withnosugar,0
venomplant,0
Qwertzzzz2004,0
Tom_A_Foolerly,0
ChrisW_Thingdoer,0
We-not-knowing,0
VillainCat,0
darthmulan,0
xilookslikepooh,0
MetaLagana,0
TateDance,0
fuing0,0
i3k,0
VKLyns,0
Somedudewithdiamonds,0
memespicelatte,0
Zaknefain123,0
Otherwise_Momo,0
Syndur,0
memes285,0
DandyZombie35,0
iBeavy,0
jjackpin,0
HKDrewDrake,0
chicekncarm,0
Atterhile,0
kaseyip,0
TheRedSpyGuy,0
parkerthepolarbear,0
Azeria_Drake,0
UrielBarca,0
imustbethece,0
fluff_____,0
faros13,0
Angelinessssssss3290,0
urban_scout626,0
fangirlingoverRWBY,0
OGZeoMaddox,0
ExtremEnder,0
TheSageMage420,0
wizardhacker70,0
memesnbrokendremes,0
Sir-closenough,0
Kyoobi,0
Jackster1800,0
MyPPTickle,0
ThoraxHS,0
wynnethp,0
FBIOPENUPest2019,0
arif_senpai,0
amazing_kai,0
Lepube,0
AznLivesMatter2,0
ishereou,0
Ethnic-George,0
fungigamer,0
Steven_1421,0
notbuddy_fwend,0
harowkun,0
DustyFukuyama,0
Kennedy-Goddard,0
bobothedragon,0
xzqyq,0
MeisMagiic,0
YourSuperior1,0
PepNChef,0
Les_than_3,0
CarelessLine,0
DieserNameIstZuLang,0
eclipesll,0
Revolv667,0
Franz11,0
Battleship200,0
PubertJones,0
AwwIdiote,0
Laylow_lofi2,0
Eng18,0
Dogedosport101,0
wxmanchan,0
Pancakebooty,0
noodles666666,0
StrickenTheChicken,0
ald4ker,0
Muchextracts420,0
veekm,0
zabic322445,0
acridkiller,0
lanjinglong,0
andeeliu,0
ganjash,0
Stary_Marka,0
EMOMODS,0
No1BTSstanAccount,0
nedmonds87,0
swack_,0
Paul_The_Tim,0
lurkingonly101,0
tmjunkuse,0
raydio39,0
oohitsvoo,0
Oompa_Loompa_Mc_Bob,0
k96076,0
wuyadang,0
the_only_edeleanu,0
PunkPinkDuck,0
hahadllm,0
OUfish,0
Much_Regret,0
Lolife_squeaker,0
JOSJA_I,0
FetusDeleetus,0
joker_wcy,0
4aner,0
pizayumyum,0
Unfrended,0
Draygoes,0
QuantenQuentchen,0
hayden45679,0
erichungus,0
GGOOODGAMEE,0
colonelkernow,0
Drakonish,0
yellowMas,0
odwyed03,0
mrgtjke,0
Bvolgy,0
tripletruble,0
Cocosettemax,0
fansdramaw,0
Graphikal_Studio,0
Bcpjw,0
Disneypenguin,0
yinmingangela,0
SorryUserNameTolkien,0
allnameoccupied,0
Hythel,0
MemeLordMrNeckA22,0
Reidboys2012,0
Asshole_Ina_Tiny_Car,0
Jetstream_Lee,0
gazza-213,0
winniexijinpingg,0
ferretgynecology,0
Timoris,0
KyubeyTheSpaceFerret,0
WandererMount,0
BlartTart,0
NathanHardware,0
Ramen_Radio,0
ormannuggets,0
tysonholly,0
RabidBhakt,0
antipopo,0
UgandaForever,0
MarkyMarkVB,0
Bronevergiveup,0
autistic_penguin51,0
AnAbstractConcept,0
juscar,0
rightaboutchina,0
Leathergoose8,0
bababoouie,0
noahatholm,0
Ray_Mist,0
IndecisiveShape,0
SomethingCancerous27,0
gugulambb,0
M1ghtypen,0
muffinman1604,0
fuckXiXiPee,0
ldc2626,0
N_I_C_E_XD,0
grumpycat1011,0
BlackUnicornGaming,0
IACROS,0
BenitoMussolini1922,0
1ryguy897201,0
pneumonick,0
jaredistriplegay,0
scorruptedmind,0
FormerEducation,0
cleaver253,0
39weEbs,0
LetsBeAdamant,0
TheAwkwardChick,0
Burybeast,0
Chiipii,0
FriskyCrispy,0
nickcoco2495,0
optic5808,0
Zennutta,0
VaneFox,0
_Jeffy_,0
Janky-Junker,0
Plabbrt,0
tophwei,0
entwife11,0
obi-troll-kenobi,0
WindOverwatch,0
Geno_03,0
spiciestlucio,0
cat-cat-yt,0
Zwenic,0
BOTFudge,0
tery2003,0
briklot,0
Summoner-,0
Whytro,0
Cactoooo,0
mericeboi,0
LadyVisa314,0
OMEGA_SPT,0
ohrandale,0
ZachTheActor,0
dengodong,0
Thekillingbear,0
RobCee3,0
Dshyne,0
SpriteGuy_000,0
josmi10ice,0
captainmanhole,0
BearChillz14,0
Seagull_No1_Fanboy,0
11ajb,0
EasyGame958,0
SkyrimSlag,0
abbasraza24,0
LordBarnaby,0
UnSlain,0
exxby,0
ChungaSeb,0
gintamaniac,0
sprinklemeplenty,0
AltoGamez,0
KiaTheCentaur,0
Jdmagic44,0
AugustChild4,0
Chico-Air,0
herecomeslemon,0
akira-22,0
ojesant,0
Short_Shots,0
Azrael2222,0
PoliteDownvoteFarmer,0
lnsomniia,0
Avera9eJoe,0
Tin_Philosopher,0
PhoustPhoustPhoust,0
Garlicc-Bread,0
SerDeusVult,0
Del_Phoenix,0
KatanaQuits,0
Noctstar,0
photosynth09,0
NGGJamie,0
WankstainMckie,0
blpeters67,0
TheCheekyGoat,0
Gvidzilla,0
Seastra_,0
frolix42,0
ObiWan-Jacoby,0
NotYellowEnough,0
Iosuaaa,0
lyndzeerae,0
Ch4rLizard,0
Bro_Kuli,0
Jim_Carry_420,0
CptHippiehTF,0
Valpuccio,0
JazzyBirdz,0
Josser1990,0
DisturbedDirector47,0
TTV_Chaos,0
Inmybut69,0
EuclideanVision,0
Laughingcoyotes,0
Blubbermuffins,0
Legendary_Seycu,0
TheGamerGirls,0
jedihype,0
jony_hony_lol,0
OranNee,0
blueboyatecheese,0
Valkyr_Wyvern,0
Famnationarmy,0
Albrize,0
IrishUnity1,0
Distykid,0
sirswiggly6,0
i_am____________milk,0
coconut-homo,0
TTV_KingNazarath,0
PRnG1,0
iScryz,0
uncle_benz,0
everyonehatesminions,0
StarkLord89,0
garbagechannel,0
OhCielosTactics,0
Miennai,0
withextracheese,0
beansYODA,0
Strider291,0
omegalulit,0
RevolutionaryCow9,0
Krinkovv,0
Your-Daily-Highlight,0
SimplyNerf,0
Activision_Loves_Xi,0
nesselzzz,0
PANDA-KILLER-53,0
DANGOandCHAIN,0
AlphonseFX,0
epicsurge,0
OwO_Whats_This_UwU,0
Th4tAppleGuy,0
Pandavery,0
Peviceer,0
wake886,0
fripaek,0
Hades_Gamma,0
T3RR0RN0V4,0
frankwithafedora,0
nanner_10-,0
Bjor88,0
Passance,0
Gumzilla13,0
will9560,0
saysomegayshit,0
kallwas,0
MSA_school_memes,0
srasbo,0
---1---2---3---,0
Makzimov,0
Lozmet,0
talkyourtruth,0
Traveling_Solo,0
AgusDevo,0
LoliOnichanSlayer,0
Dax047,0
Angel_F26,0
fuckingkaeleb,0
Canaved,0
facemcshooty55,0
Cyrehx,0
OVLange,0
Overwatch_One_Time,0
pgh-kyoto,0
nobody_on_reddit,0
TicklerTv,0
MIKEHUNTURTS77,0
j34bit,0
bleck05,0
yeetman76,0
JaxHallowsPlays,0
A_very_meriman,0
MattyHatesYou,0
R3333PO2T,0
fartingpinetree,0
Suspicous_Bacon,0
ScytheBlader,0
wet_toast_in_toes,0
SantosPhillipCarlo,0
sauliso,0
Elyrdas,0
PotatoinaPotato,0
Level99Legend,0
not-a-fox5,0
DahMagpie,0
InTheFilth,0
wwhyareyoulikethis,0
CapAwesomeSauce,0
MyNameIsRenma,0
mescalelf,0
buurmanwum,0
Asparagus-Cat,0
MacFensom,0
Adolf_Franco_Stalin,0
DarkDave_68,0
Armor_239,0
Overwatch-Switch,0
JoeDaPenguu,0
TrollTheRespawnTTR,0
kam004,0
BunnySinadel,0
furrypsy,0
Nyioxxy,0
thecowofwisdom,0
WorkLaptopAccount12,0
Timorepeto,0
bash_inches66,0
mcnuggetbucket52,0
polishdiddy,0
KawaiiOkamiChan,0
Boonpool,0
Sivergy,0
dakp15,0
DiaPsy,0
Guido1291,0
ghostface_vanilla,0
Aligayah,0
-ca1um-,0
Hjknc5,0
strawhatnakama,0
thorsthunder_,0
richguy777,0
egbertian413,0
PollitaLoquita,0
DieserDalton,0
SickVexom,0
Spider-saiyan,0
JoeGlory,0
TheFirstWhovian,0
terry-tea,0
t3snake,0
gagejohnson19,0
Twinkle264,0
HawkesF,0
RowanInMyYacht,0
BlazeMenace,0
jay2188,0
doodicalisaacs,0
Bappler,0
purple-car,0
TEETH1996,0
istolenhit,0
KkngTyler,0
Shadovarcher,0
Lazarbeam10,0
CynicTheCritic,0
paperisdelicious,0
PsYcHo4MuFfInS,0
ExcellentSmith,0
VacantHaddock,0
paovooon,0
ZachJackGerczak,0
TheQuantumRed,0
mrmarzipandildo,0
JayExR,0
Cherry_Pop_Soda,0
mrjordans64,0
ScuderiaCorsa,0
EmberSeven,0
Mhadiex,0
ilikepancakez,0
Cooli-OH,0
RedditKirby69,0
magmablock,0
Galvor070,0
SassySauce516,0
BronzeHeart92,0
industrialbuddha,0
Ryu1498,0
_Cavalry_,0
BILLGIBBONS,0
FuglyPrime,0
ThePhantomOG,0
iamtedrow,0
Jakee710,0
Qui-Gon_Rum,0
OG-WhiteBoyGroove,0
Deadlibor,0
SaveHK-InUSweTrust,0
passtheboof1018,0
yungjezy94,0
gubbyu,0
tombola20,0
IAmAWarthog,0
k_cav,0
Cruncher576,0
C68es68ire,0
daniellevitt,0
MiddleagedHuman,0
here4aguydtime,0
BacoNationRLB,0
Herbert0Herbert,0
dubaicurious,0
_Razornight_11,0
zades9,0
TickerTocks,0
coolmemeyeah,0
CreamerIsland,0
_Slaymetra_,0
elf_erik,0
BreeziTheG0D,0
probl0x,0
th3randompotat0,0
nachoverwvv,0
UltimaBahamut93,0
kaniggles,0
premefiends,0
watertrainer22,0
SnowyRoman,0
lopercoper,0
Logan_Mac,0
DoctorPipo,0
Ski-bo,0
syoczek,0
souperman27,0
ManILoveFarming,0
meltedlogic,0
tjslick,0
Spartakusneca2000,0
Crim0951,0
beetheball,0
Thetonester21,0
SeveriaOW,0
amr676,0
Emir-chan,0
revscat,0
s5704022265d,0
DolphinMan92,0
madeoutofpizza,0
adventure_penguin,0
JohnJJ2610,0
popolega,0
jedaam,0
JF_112,0
handomize,0
21bruh,0
ObesePenguins,0
Draethar,0
Shadowbass_33,0
CooJcoowhip,0
JebNeir,0
icemaster83,0
pedrokol,0
Nogardrol,0
howtoheadshot,0
redopz,0
pseudopotatoes,0
PyrrhicFire,0
Jackomax,0
EzilyAmuzedlul,0
allnewbricks,0
the_mgsm,0
Aunty_Squidge,0
pxxlz,0
ILoveRegenHealth,0
Loki589,0
igormuba,0
meteoroidous,0
FernTendo64,0
thehague67,0
OCHNCaPKSNaClMg_Yo,0
LeEmokid,0
pflare_12,0
VailedRobin05-2,0
dannymagic88,0
Jishie,0
YainehxTinneh,0
Youonkazoo21,0
saucegodgoku,0
Brobot526,0
nerdyelf19,0
Turtlenade,0
Hesitant01,0
Aardiee,0
cr4bb4tt13,0
woopwoop37,0
halvencyon,0
MeggyNeko,0
TheFireNathan,0
KenSaysCHAR,0
rocknrollnbro,0
Jicku12x,0
Thamilkymilk,0
xobrenden,0
NThruThe0utdoor,0
trick2ball,0
Fortune188,0
whobab,0
MouseMask,0
xFah,0
pkp-,0
amodaboss,0
NinjaSwag_,0
AlexTaylor23,0
zara_roma,0
ma70supra,0
throwaway-249145,0
Immortalfury_XIII,0
ItsSynapz,0
woodyskou06,0
Alex_Dallas,0
TommyPikachu,0
franap117,0
MrTobX_,0
AstroPiggy,0
Pousle,0
spoopyghost_1,0
mobit80,0
WatchForThatWoooosh,0
lorenorSORRO,0
ilaydayan1230,0
93nuggets,0
nyteee1,0
olifax,0
mexsystem28,0
RedRobinzz,0
pool_of_the_dead,0
Torbmaster69,0
Gustaf_V,0
steffsh,0
SpaceBoy27,0
BandyPandy,0
Zerfallsgesetz,0
BlackLemmi,0
Galllade,0
Wiazix,0
t-histhosethat,0
uros1834,0
drea2,0
Sir_Lith,0
MemesAndBlunts,0
sawmyoldgirlfriend,0
Mastagon,0
FinexThis,0
schmatic,0
chileanbassfarmer,0
SuperSkeleBones,0
dotapetro,0
Dances_With_Assholes,0
_pm_me_your_btc,0
master4life,0
SkyEscape,0
IPunchGoats,0
travek707,0
stellarluna97,0
GoodbyeRute,0
Merovigan,0
turboravenwolflord,0
FoughtStatue,0
Reaperking386,0
HopInsideMyForeskin,0
FifthFelony,0
manchesterca,0
sion_is_k,0
uacrobi,0
adventuretortoise,0
FLUFL,0
Buttgoast,0
riuslool,0
Laterreality,0
cyriusthevirus,0
epicpleasefixswitch,0
TheZynster,0
Khoonii,0
KerbenFerber,0
Abbraxous,0
lobaron,0
p0rtalGeek,0
RobinsonDickinson,0
Raxxle,0
CityMado,0
de245733,0
deb8er,0
billyhatcher312,0
burtmaklin1,0
ClaudiaEinhart,0
PrestigiousPenguin,0
very_niceu,0
Fabuleusement,0
vitalfox,0
Finnachu,0
TheMansAnArse,0
Rockenbach_jpf,0
PyramidsAreCool,0
elitist_ferret,0
birbbI,0
JJenkx,0
Peatearredhill,0
mp1201,0
AlexandraRae_,0
Bappo_taco,0
manoflick,0
FelonMuskRogan,0
thirdworldpyramid,0
MeIIowed,0
Rezster1,0
TestPostPleaseIgnore,0
wTheRockb,0
BjergBetterThanFaker,0
Kiyanavasala,0
nausk1,0
Oldschoolgamer1,0
Entro003,0
DAMNUMONGOLIANS,0
CannedBread5eva,0
Allig8rSk8r,0
busk63,0
wall_rush_man,0
Uh__No,0
aneudi2012,0
Regrubkcuf,0
SuperbSale,0
Maga_Maniac,0
Puppet_Master2501,0
isabeladlc,0
SgtPlatypus,0
OKthisIsA,0
GoDM1N,0
StuckOnCoboldLevel,0
Brent_catrape_kaskel,0
chrome_cs,0
ohshitherecomedatboi,0
CommonBattle,0
Lichbigneking,0
StopEbola2017,0
new_reddit_user_not,0
Cromus,0
Rossismyname,0
VikingofSinCity,0
crazybrownies,0
ConstructionWorker77,0
InsecureLasagna,0
brasilgirl,0
crapcup,0
anarchisz,0
SlutMegan,0
fuhq__,0
Zayou9457,0
CindaCAnOpie,0
ohhellnaaawniga,0
Ruqamas,0
nicetomato1,0
MatiVoyager,0
absolutelynothing_-,0
4_Loko_Samurino,0
Slithert0r,0
supercombo369,0
MissingString31,0
bananabandit89,0
Soliz_,0
Swysp,0
Muldo247,0
LordAtlantis16,0
what_was_that_thing,0
aldissimo909,0
From_another-planet,0
testingbase-3,0
kingofmer,0
VOL7AGE,0
GRockkk,0
qa2fwzell,0
ScuffedAndyDick,0
Evilpanda303,0
Morgan_Seamen,0
whyelliott,0
TrixieBunnie,0
LizDeBomb,0
Rose1573,0
Subbingtoallsubs,0
Masterkool1,0
Ahoz,0
tokrabone,0
BerserkFromTheNorth,0
MaZZeL3L,0
Streetguru,0
rational_faultline,0
Mucky2171,0
FinnishScrub,0
marshall_cooper,0
LosvikeN,0
ScamCast_Alt,0
OverageRetake,0
Zanzibane,0
ScuffedRajj,0
perfectfire,0
bkr1895,0
Daved27Hundred,0
SourceAquired,0
frentic_pons,0
LauraCx,0
the-white-guy1223,0
burgerbuddygladiator,0
KlimRahal,0
Ody_Mandrell,0
imjustadudeguy,0
JPShiryu,0
FrodoBallBaggins-,0
Condor917,0
RenagadeRaven,0
lememer55,0
iwantSZECHUANSAUCE,0
thenovatron,0
MrFluffyWaffles,0
wcsib01,0
SeeExNoCx,0
ImNotDancinToday,0
Eu4oriCx,0
GamerDylan,0
LexLol,0
StSpyro,0
Gance_Davin_Gance,0
Darkwolf762,0
MIND_Y0U,0
NotAlright_HalfLeft,0
yahoo--------,0
DANNYonPC,0
Quigglypoo,0
BUTTTCANDY,0
DIYinSociety,0
EmptyVoidEyes,0
VideoSwitch10,0
majorteemo,0
imjustaperson21,0
b-hop,0
zerou69,0
DerpyBananaz69,0
MrDumpster1990,0
GrimmReefer1,0
RedEagle2000,0
night_chaser_,0
BilllyBillybillerson,0
depressoeggo,0
MudaMan69,0
Yimbaz,0
Xuis,0
SendLeetreepay,0
PM_ME_UR_INVESTMENTS,0
dont_ban_me_bruh,0
Gt_inferno1,0
Chabranigdo,0
CobraPhi,0
Zerim,0
masanian,0
fauxnim,0
lol1701,0
hairlice,0
Blizz_CON,0
jtrinh0923,0
batmattman,0
Colinski282,0
Master_B0b,0
Amanuet,0
Bootleggd,0
helpimdrowninginmilk,0
warfig,0
JackHazardous,0
SteamPunk_Titan,0
robi2106,0
joecool1498,0
Foxis_rs,0
Maranis,0
AceWurhuck,0
sovereingn,0
lurkercola,0
severn,0
paristeta,0
Leggonow,0
ItsNagles,0
nocturne505,0
redsnow1030,0
cogi_yue,0
micoloco,0
phpdevster,0
seasaltbubbletea,0
holyjer,0
Akki-Kitsune,0
Chowmeen_Boi,0
Biobody,0
toyz89,0
silverleaf2520,0
dankbob_memepants_,0
Cuppylmao,0
Life_Is_Good22,0
swagdragonwolf,0
Actual_Lightskin,0
iamneiluj,0
gulabjamunyaar,0
JakeInTheJungle,0
scuffedaf69,0
SirSkaven,0
MemeCannonBattery43,0
RainbowSixThermite,0
NonaFae,0
Nestus1,0
MrSmirnoff99,0
Fizzee,0
kittyboy3434,0
crazyPainCake,0
NNTNN,0
namikaze_izi,0
whyimweird,0
pizza_and_cats,0
F-3rm1on,0
Agetis,0
DeadR4NG3R,0
Hypnoclock,0
HappinessFactory,0
LordSutariya,0
Mattadorwalker,0
Iretional,0
Chasen2810,0
Topless_Zombie,0
0m3ga4,0
Penguin120,0
thisiskitten,0
ghost_of_loneliness,0
JuiceheadTurkey,0
Nengtaka,0
Thinkydupe,0
ambidextrouspro,0
KangarooBeard,0
Cartman55125,0
Lumi-Kun_,0
williamdean,0
RedditAvatarDude,0
y_i_k_e_r_s,0
shtposter2000,0
bears_in_space2001,0
LiquidThoughtsG,0
sky__s,0
bebifive,0
pptangina,0
_nem,0
rustoeki,0
FourDeadBabies,0
Kirumba758,0
MixOld,0
frank_underworld,0
YOLOSW4GGERDADDY,0
Finn-Finns,0
filipinhos13,0
nopluu,0
BokoPikog,0
M33l00,0
NeverBleach,0
fuckmcnut,0
FemaleNun,0
Sultan_KA,0
Zuuken,0
shotage,0
Made_in_Greys_Image,0
eichlot,0
ClassicHousing,0
Thrane75,0
A_Solo_Gamer,0
Alkaizen,0
punjarpimc,0
jallaballajalla,0
Canatee,0
penelope_reddit,0
HereForTOMT2,0
Nomulo,0
RedAlert_007,0
Nalukai,0
Gequinn,0
Culsandar,0
anbeasley,0
11S3r,0
imnotrobswire,0
yellowdart146,0
Bobby_Swagtastic,0
Primohippo,0
ChuVii,0
Na0kiri,0
Ssj5Pepe,0
Gordn_Ramsay,0
Rhanna50,0
heyppl123,0
daveberzack,0
Drunken_Queen,0
s6884,0
arcsinus69,0
Ramenender,0
yaboiRich,0
Slyrentinal,0
DarthMurdok,0
MemoryZon4,0
Nate_TeamBST,0
XxPrinceAmirxX,0
StiffNooby,0
Perenth,0
sheepye,0
Hannigan69,0
Oeffes,0
-Deadlocked-,0
Tridz326,0
DAND1NGO,0
SomeKud,0
Scatrick,0
ola301101,0
KieVSGames,0
grant_n_lee,0
BJORNSMASHEDGRACE,0
ExtensiveHeat,0
Prace_Ace,0
Tobaccolade,0
JoshhMetal,0
Marvin_Voilt,0
I_am_your_shrimp,0
Detodk,0
Feanor22,0
sheathid,0
MakeL0VENotW4R,0
coochie-slayer420,0
ALG_Phoenix,0
Alsrb0129,0
unknownwatcher,0
Civil_Defense,0
puckmungo,0
Malusch,0
omjzas,0
JordonAM,0
Aotoi,0
Riven-The-Fox,0
rednmad,0
Diwoods7,0
Mushinkei,0
HotS_3point0,0
madkimchi,0
Sevo02,0
Kix_,0
wrel_,0
kebaabtube,0
latsmcoy,0
TheDrunkenKitsune,0
warumaru,0
I_Eat_Water_Legit,0
Alexninja03,0
mellowkappa,0
wenglor,0
Kljunar,0
Peel7,0
jwpritchett22,0
harsimbhullar,0
Fortify_,0
tajan_thind,0
Subliminal_Image,0
Slice9851,0
energy__being,0
ripmyparse,0
cadewhisperer,0
SamChoi02,0
linkeydoo,0
KumaBTW,0
luigui98,0
redditfend,0
kaptainkooleio,0
Deslanova,0
mastyza,0
Mattyrip,0
Bitvar,0
Nevek_Green,0
Mariah_Mcmuffin,0
IShotUpBigBirb,0
566345453653,0
Ackthal,0
_Kofiko,0
Solid5-7,0
mynameislizzy,0
Mainzerize,0
stellvia2016,0
--RedSmile--,0
Fanaticorc787,0
Xayde26,0
Pizza-Parker-,0
OuterSpaceRimJob,0
Antleriver,0
thxyoutoo,0
Dr_Doctor_Doctor_MD,0
XiHammondPing,0
jtnoble,0
Asad_OG,0
SuperDuperSeb,0
cayleb,0
LinearTipsOfficial,0
SaDrDa,0
Malurra,0
wiskeytf,0
Kek-From-Kekistan,0
donkeychicken,0
Rahthan,0
Warbeard,0
JulesvGra,0
Sarcasthik,0
chicanery6,0
AmyVictoria,0
FreeWing,0
Moonbean_,0
CesarTheSalad,0
dree3,0
ays1000,0
QuitsDoubloon87,0
Mushroomian1,0
Nextracer1,0
lizzietiddie,0
Gib_me_muney,0
EdgyGamerJ,0
canihaveyournumba,0
Hydronair,0
MariachiTabasco,0
PackYourBaggins,0
ProgZombie,0
Nerdorable,0
Alwayskneph,0
iceposeidonsarmthing,0
IzDaBait,0
Professor-Anthrax,0
RoshSH,0
devilbreeds,0
MentalAlternative,0
MrDevotedM,0
TedRampersad,0
mouthofreason,0
professorhazard,0
purdueosu,0
madufek547,0
nakedSpider,0
Stealthy-J,0
Abomhehe,0
RevertCommit,0
_out_of_mind_,0
IctidomysXIII,0
Cyrosis,0
gaborwnuk,0
Arkymcarkface,0
Sen-bou,0
Grokoth,0
dacasy,0
Rabidmushroom,0
Ascenser,0
indicasawdust,0
airinjosei3,0
LordKleinkariert,0
humbleengr,0
Temmemes,0
Superkidra,0
SSCharles,0
skyllerzy,0
SterlingWorldWaker,0
mingdao,0
RedHineyMonkey_,0
FoxieEXE,0
cooldoolz,0
CrepeerAwwMan,0
no1-almadudler-fan,0
sapient_noodles,0
RayMatter_,0
JulesAntoine,0
dobbelburger,0
TrouserBorn,0
Tajitu360,0
branchbranchley,0
DoctorDToxic,0
jollysaintnick88,0
shmiggins01,0
rcko,0
Smeltistry,0
1houralex,0
Dependent_Brick,0
Panda_Hugz,0
Quacklesnap,0
IBX3671,0
RIDxEvac,0
RonBurgandyAnchorman,0
AtakanArslan34,0
gimpgrunt,0
eddprddy,0
SpectreDOT2pointo,0
Phenomonox,0
SpeedCuberD3,0
buxtonisthebest,0
XdsXc,0
53CUR37H384G,0
BridgeofElden,0
Mr-G00Se000,0
SimplyClutch12,0
DoctaNut,0
ThrowDeadAway,0
k3rmz,0
ItsGoodItDontMatter,0
Wolf1481,0
European-War,0
Rigwaltz,0
PulseSnK,0
winebluewine,0
Otipuh,0
Freefeeds,0
Jedimyth,0
harveythenerd,0
DDORights,0
mario1789,0
thesuperai,0
Keyloags,0
Kvahuest,0
Zeotares,0
JewelTK,0
Bad-Technician,0
jdragon6969,0
Superswan94,0
Neapolitan_Bonerpart,0
PizzaaBlob,0
Sgtteddybear59,0
AtomicApethecary,0
SWOLEvietRussia,0
Milouch_,0
poptyp,0
fractal1990,0
MoldyMurkin,0
damncommunists,0
GZ183,0
theashattacks,0
cosmoknautt,0
The_Russian_Empire,0
lezardfleck,0
meeseeks47,0
NystromVatten,0
Delthore,0
Spedytor,0
chasingdarkfiber,0
mimxy18,0
headofahorse,0
Mewr_11,0
HiGuysImNewToReddit,0
morlac13579,0
DuarfS,0
ArisenFromTheAshes,0
MahonriWY,0
SolitaireJack,0
leo-bird,0
GoPadres19,0
Silver-Monk_Shu,0
marsmctavish,0
showhatareyoushaying,0
aries926,0
Neanderthalll,0
MegaWAH,0
JohnnyWings22,0
TheoJones,0
iLiekBoxes,0
Loran_Cleric,0
aksoxo,0
anthony-lopez,0
Jacksinthe,0
JustJmy,0
UserOfWords,0
Teh_Studmuffin,0
Rezonium,0
Fletchest,0
ironangel2k3,0
LordXavier77,0
Oreo_Hen-tie,0
jsndbskeh,0
Slleepytime,0
PM4_LA_GW_Photog,0
ClickTooEnlarge,0
Kuriakon,0
Vipreza,0
Cr4zyC4nuck,0
AdoringFandalf,0
EliteBonnie,0
lapterp,0
Peytonus,0
sortbycolumn,0
dvereber,0
card_lock,0
STEALTH_OW,0
Getsocial2014,0
GeneralNorth,0
B3P,0
chibaris,0
OdinBaadnes,0
Fandango_Jones,0
Mocha_Bean,0
EverydayTeen,0
CarlosSpicyWeiner75,0
pushyrummble,0
TedLePoireau,0
cathlicjoo,0
lVlouse_dota,0
InfernoDragonKing,0
Zerogravitycrayon,0
FatMinnesota,0
cloud9501,0
FoxiestHound,0
gunzann,0
CottonCandyCactus,0
KrnyZak,0
pumapunch,0
Nilbog101,0
Gletschers,0
realWaddle_Waddle,0
NRSTruth,0
clockwerkninja,0
Jayesspurr,0
ekargvintage,0
bob198,0
Phantomsan,0
thebiggiecheese0414,0
Proxximite,0
yokeyo,0
D14B0L1C4L,0
pkgdogg,0
Quinzal,0
GoodSamaritan_,0
Podosniper,0
Yurturt,0
prshag,0
GMarshal,0
CallMeJimmy43,0
TheRealSparkleMotion,0
EmirSc,0
FreeHongKongFromBliz,0
KickItWithNick,0
zellfer1,0
_Woover_,0
CharmingOracle,0
CrimsonKnight_004,0
DzefersonS,0
H3lli0nX,0
TheJazzmanJordan,0
FlySupaFly,0
DCS_Ryan,0
RadioWarlock,0
Equinar,0
Chk232,0
Jasonwasheretoday,0
RimmerOfSmeg,0
Gandalf_Jedi_Master,0
EvolveAndAdapt,0
jorianizz,0
canadian-bacon1867,0
Lhilim1,0
Fishgamescamp,0
kolombo03,0
TheQueensRansom,0
IiAnanke,0
Bpartain92,0
sesameseed88,0
lnjury,0
WhiskeyPsycho,0
SobbingKnave,0
TOC-The-Third,0
TheHaveesh,0
Aragaren,0
theDundiddy,0
OrangeFreeman,0
Swimming_Pool,0
Parish87,0
gustbug,0
R3NOXira,0
gayballsy,0
Siferatu,0
GadenKerensky,0
user_952,0
EuW_MadWard,0
theycallmekappa,0
Shrimparoozy,0
Gay_Bag_O_Chapz,0
BlizzconThePooh,0
His_holeyness_c0us,0
peters_stats_n_stuff,0
flattapus,0
kasjan132dk,0
MurkyOrAFK,0
boblasagna18,0
d2minik,0
bskov,0
DrWhatNoName,0
HolidayDefinition3,0
Lorenzvc,0
WaterArko,0
INI_diLLa,0
KingWolf1944,0
StatikPanik,0
WendishAngst,0
Voice_2016,0
behindertboy,0
Siniztah,0
EyeLuvPC,0
antichrome69,0
finnwolfey,0
aquamah,0
Kai_McCloud,0
tinyboy8987,0
bajslufsaren,0
Coupedeville80,0
Lovoskea,0
Infamous_Imagination,0
AzaleaBlackwood,0
treos,0
SmolGui,0
MDic,0
six2make4,0
ssquatch_,0
hugopakau,0
TheGodTierShitpost,0
x64lawx64,0
vroomIamspeedvroom,0
Yami_Baddy,0
asas5099,0
BrokenTorpedo,0
Massivedickhole,0
Everything_Will_Die,0
Lachyloolaa,0
Boggedfern855,0
Reeeeeeeeeeeeeee7,0
TerrisKagi,0
halfcat__,0
teryn2012,0
end_my_life_jpg,0
BlackRenzer,0
mad007din,0
Standby75,0
Mustang10988,0
Bansu13,0
coff1ng,0
UltimateProSkilz,0
ElSp00ny,0
nosorrynoyes,0
C0L0SS4L,0
Denkleburg,0
CooolKoala,0
bseethru,0
Stefffe28,0
felrozlokk,0
azahel452,0
Sakuriik,0
Lustrick,0
AkaHeavenshaker,0
SkyNexxuss,0
Mineman020,0
Biaxident0,0
azgx29,0
AlbinoEconomics,0
shonenhut,0
ktg319,0
EvilLizardLawyer,0
SovietBlizzard,0
5h1v4u,0
XeroKaaan,0
Youlikesmoooothjazz,0
chrisdh79,0
Contentment_is_key,0
PeturbedGoose,0
TrinityTheGopnik,0
Jt-NotFromNsync,0
Jarkyc,0
Urobulus,0
Belodri,0
ItIsMeCall911,0
Cupittycake,0
Jenkins64,0
turdruffalo,0
theveryworstkate,0
AirbreathingDragon,0
ABC-easyas-12B,0
NKX227,0
Viseoh,0
Darthvegan66,0
OrangeBerry97,0
kaizoku18,0
_BeVeR_,0
luca_jm,0
AncientFlames,0
CSGradsRock,0
JurrasicJesus,0
BouncyVEVO,0
RhysPrime,0
Ass_Butt_was_taken,0
Pandanapper,0
Praulf,0
jankiez,0
jedi1josh,0
ihavepoor,0
mabik8723,0
MainstreamShark,0
s0la1r3,0
Jacnoov,0
Casual_Loli,0
Why-My-PeePee-Smelly,0
12bose21,0
Xeeronan,0
KingStrijder,0
Tim2Cool,0
gratedane1996,0
StarStruckRedditor22,0
CheezyYoMamaJokes,0
Hellothere_1,0
FricktasticFox,0
SimonTheCommunist,0
JannaSnow,0
handburger_64,0
fuck_that_shit_man,0
p03p,0
UnNouveauDepart,0
Booman_aus,0
lysoform,0
can_i_see_some_tits,0
Fl1nt-Westwood,0
Magmagan,0
RustGrit,0
Norian45,0
hacim99,0
MRHPoe,0
Urpset315,0
LibertyMarshall,0
1alexworld02,0
Narushep17,0
TurkeyFlax,0
menacemeiniac,0
DannyABoi,0
_Zax__,0
Hefaystos,0
DHAHSKFUU,0
Dabilishous,0
Vampiric_Goth_,0
yeizonex,0
TheGreatGabesby,0
PM_ME_UR_FAMLY_DRAMA,0
albertoacv,0
Amazing_dick_punt,0
zzzzz92,0
ErkutErdem,0
JaredUnzipped,0
nixahmose,0
venom_mine,0
supkimyu,0
Y-fu,0
SavageYeetGod,0
sirweggen,0
Suitcase-Jefferson,0
hackboiled,0
THATSso3ER,0
Spookwagen_II,0
LandarianEmperor,0
FreeHK213,0
w0kepearman,0
ACJ96,0
Torgue-the-Hivelord,0
WAiiNz,0
Bonnskij,0
Snyf5,0
CanadianMadman420,0
amazonvendor,0
Brwalknels,0
TinyBison,0
InGrownPotato,0
Garfunkle0707,0
EatGarb,0
Casper_The_Gh0st,0
TheSlartey,0
aPowderBlue,0
MurphysDaughter,0
morbote,0
Radimir-Lenin,0
ikabuto,0
itsadickachu,0
NevesCheng,0
The_G_Choc_Ice,0
SpookyGhastly,0
FreeHKBoycottBlizz,0
Double0Dixie,0
Graxdon,0
doctormccock,0
tommeke,0
Potlato,0
Sparkzz_o7,0
BKoopa,0
TheIraqiMaestro,0
saileshsam,0
mushmouth3000,0
UntitledRunePage,0
Demigodd,0
ted3681,0
Paul9007,0
Marlon-lm,0
trkoiz,0
accountofjustice,0
Hexxeth,0
011010011010,0
relayrider,0
Failsafe0209,0
imthe44th,0
rockodss,0
MajesticClick9,0
bobofartt,0
anotherguyisuppose,0
AvocadosAreGreatx900,0
turb0g33k,0
GunBrothersGaming,0
Captain-Chips-Ahoy,0
Pawong_Toaster,0
Healthy-sama,0
HarmonicChange,0
roflkittiez,0
gusir22,0
SmilingBoi2468,0
Tnynfox,0
_meep-,0
puregarbagestuff,0
hiddengrassvilliage,0
rangeraz03,0
Tabitha_Rasa,0
Strutionum,0
ap5798,0
EpicAspect,0
ComicRetrobution0,0
Cthulhu95,0
keitpo,0
Oathbetrayer,0
Calebp49,0
D4rkFl4shTV,0
cheekygorilla,0
Katangawow,0
ImBoredHello,0
invinciblespeed,0
spicy_condom,0
KageSama19,0
got_the_sauce,0
Baba-dook,0
Swift353,0
NanakiSkywalker5150,0
billnyemustdie,0
dman71215,0
dangboo,0
wowtofunofu,0
The420St0n3r,0
Macvx,0
PhatTheBoss,0
EagletTheMighty,0
omgflyingbananas,0
Panduhman01,0
Azusaiiii,0
Kaamosteoria,0
ghost1301,0
Addison5207,0
Im_hippity,0
SorulOrIzaya,0
moshedman85,0
sadbeginnings,0
Ace_Hawk_LowerSioux,0
zxaoer,0
Efficient_Visage,0
Jkendig98,0
unjustlove,0
DomOfMemes,0
natblugen,0
ClassicalGamerPlus,0
Maclife,0
Neslosakul,0
Generic_new_account-,0
Cabazorro,0
HorrorChocolate,0
plshelpiwannad1e,0
palkab,0
zuccucumber,0
NotKalo,0
420gangbangin,0
bubbawears,0
PeperoneGiallo,0
01111000_01100100,0
Alpha9363,0
Clap-trap,0
Grawwler,0
Blahboy77,0
JasonRedux,0
luton2468,0
SocialistNr1,0
ellingw17,0
ltnlean,0
Joy_The_Zopek,0
Griinty,0
Vestan016,0
EdwardTeach84,0
Ittzzy,0
oppressivekitten,0
Dennis9939,0
halfwaymovie,0
Grimaldusss,0
TrivialTax,0
RelaxationMonster,0
broniesnstuff,0
voitrien,0
fensizor,0
Gruwidge,0
JonaV123,0
caughtus,0
Deadmarine1980,0
RemoteLead,0
Ekudar,0
Mellhurst2,0
Kynandra,0
portaltotheundrworld,0
Ryukaisan,0
thebohemiancowboy,0
DryArridean,0
awesome_pineapple,0
ValleyBoyCountryMind,0
Big_Papa_Fox,0
SelectStarAll,0
Gaijin-N-Juice,0
wormtail39,0
vvjoshi27,0
Godzilla-kun,0
dethmstr,0
evermore414,0
Anesthetize85,0
Esoteric-Wanderlust,0
darkkiller1234,0
itsnotnicolai,0
mangosarenotfruit,0
Googs360,0
DevonTheNard,0
Prophet53,0
BromanL96,0
Emosca,0
shayanrao88,0
Wiiiwiii,0
ThatOtakuCat,0
BestWarriorEU,0
InfernalAdze,0
Coredict,0
Ricky-Bobby-Shmurda,0
mrpeluca,0
Instalock_Bard,0
RadicalOne95,0
Kekamby,0
rw_3eters,0
Pwnin_Bronies,0
cruisingforpuss,0
Northwind_Knight,0
ThorThimbleOfGorbash,0
chrono_slayers,0
This_is_our_secret,0
Elffykins,0
Avigorus,0
interwebsafari,0
Zilverdrake,0
ChefJakee,0
Lamp512,0
zoburg88,0
Gelnar-Bloodwing,0
QuantumLaw,0
Lambouk,0
epsileth,0
MarcoRedEye,0
TheMuffinMan1291,0
Lifesucksdaily,0
Krehnadian,0
mkalaf,0
Darkball321,0
Pastoolio91,0
Auribell,0
theofyren,0
BR3THTAKING,0
sooslimtim187,0
eward_1,0
ChannelRider,0
