subreddit,num_posts
2007scape,1
5by5DLC,2
ABC_NEWS_TOP_STORIES,12
ABoringDystopia,1
activision,21
adc,1
ADCMains,1
AdmiralBulldog,1
Against_Genocide,1
agedlikemilk,3
AlJazeera,10
allthingsprotoss,1
AllThingsTerran,1
allthingszerg,1
AlternativeAmazonVGF,1
AmazingReads,2
amishadowbanned,2
Anarchism,1
Anarcho_Capitalism,4
Android,1
AngrySocialist,1
Animemes,2
AntiFANG,1
AntifascistsofReddit,1
AnythingGoesNews,2
AnythingOntario,3
apexlegends,1
apple,4
Argenpol,1
ArrestsWeb,1
ASCII,1
asianamerican,1
AsiaReport,1
ask,1
AskCentralAsia,1
AskReddit,40
AskThe_Donald,1
Asmongold,2
assassinscreed,1
atheism,1
australia,1
aznidentity,3
badgovnofreedom,1
bag_o_news,1
BenevolentDefiance,1
BenMallerShow,1
bestof,2
Betmarket,1
BikiniBottomTwitter,1
billsimmons,1
blitzchung,3
Blizzard,258
BlizzardGames,2
BlizzardOfficial,3
blizzcon,6
BlockchainGame,1
borderlands3,2
Bossfight,1
boycottblizzard,10
bprogramming,54
brasil,1
brasilivre,1
BreadTube,1
btc,1
business,1
CA2NWO,1
California,1
CallOfDuty,2
CallOfDutyMobile,1
canada,1
CapitalismVSocialism,2
caps,1
Cascadia,1
CashApps,2
CatholicGamers,1
Catholicism,2
CelebrityBoots,1
Celouts,1
centerleftpolitics,1
changemyview,1
chaoticgood,1
ChapoTrapHouse,6
China,49
China_Debate,8
Chinalaw,1
chinareddits,2
Chinazi,3
ChineseEntertainment,1
Chinesetourists,1
circlejerk,8
classicwow,24
ClimateChaos,2
CNET_ALL_RSS,1
CoincidenceTheorist,1
CompetitiveHS,1
Competitiveoverwatch,25
COMPLETEANARCHY,2
Conservative,4
ConservativeMN,1
ConservativeNewsWeb,2
conservatives,1
ConservativesOnly,1
conspiracy,12
copypasta,2
CorporateSins,1
CrappyDesign,1
crappyoffbrands,1
CrazyIdeas,2
CryptoCurrency,1
DailyTechNewsShow,3
DailyWorldNews,8
DankLeft,1
dankmemes,8
dave5,1
DazingVids,2
DeathToChina,2
dechina,1
DeepYellow,7
DeFranco,3
democrats,1
demsocialist,1
DenofGeeksRSS,1
Destiny,2
DestinyLore,1
DestinyTheGame,3
Diablo,3
Dick_Slurp_All_Stars,1
Digital_Manipulation,2
disney,3
disneyvacation,1
DivineRightOfKings,16
Doom,1
DotA2,7
dotamasterrace,9
Drama,1
drunk,1
EconNews,67
Economics,2
economy,1
Edinburgh,1
EmergingRisks,1
EmiliaClarke,1
EnoughWumaoSpam,1
entertainment,1
environment,4
esports,5
esportsnews,1
EsportsOCE,1
ethereum,1
eu,1
eu4,1
europe,2
EverythingScience,2
explainlikeimfive,6
fakehistoryporn,1
Fallout,2
Fantamorto,1
findareddit,1
firefall,1
flicks,1
Flipping,1
football,1
FortNiteBR,3
FortniteCompetitive,1
Fox_Nation,18
france,8
FreedomNewsPolitics,36
freemagic,1
freetalklive,2
Freethought,1
FreshNewsToday,37
FuckBlizzard,23
fuckCCP,1
fuckepic,1
FuckHKPopo,1
FuckMarvel,1
fuckmusic,1
Full_news,1
funhaus,1
funnyvideos,1
FutureWhatIf,2
Futurology,1
FZ07,1
Game_Info,3
GameFeed,25
gamegrumps,1
GamerGhazi,1
gamernews,3
gamers,4
GamersRiseUp,1
Games,19
GameStop,1
gameswap,1
gaming,121
Gaming4Gamers,2
Gamingcirclejerk,18
gamingnews,4
GarenMains,1
gatekeeping,1
gaymers,2
gdpr,2
GeekToTech,1
GeneralSam,1
GetItBannedInChina,2
GetYourNewsOnWithRon,1
GGHotS,1
gifs,1
GirlGamers,2
GodsUnchained,1
godtiersuperpowers,2
gofundme,1
GoldandBlack,3
goodyearwelt,1
google,1
GovWatch,1
GunsAreCool,1
GusAndEddy,1
hackernews,27
HailCorporate,1
hajimenoippo,1
hanren,1
Hasan_Piker,1
hearthsone,73
hearthstone,288
hearthstonecirclejerk,8
hearthstonemeta,1
heroesofthestorm,7
heyfuckyou,1
HighQualityGifs,2
HistoryMemes,2
HKRising,2
holdmyfeedingtube,1
Hong_Kong,6
HongKong,220
houston,1
HPfanfiction,1
iamatotalpieceofshit,6
IDWChatroom,1
IllegalLifeProTips,1
InclusiveOr,2
indepthstories,1
india,2
India_Today,36
IndiaMain,1
Inktober,1
InNews,13
insanepeoplefacebook,3
InsideGaming,2
IntellectualDarkWeb,2
interestingasfuck,1
internationalaffairs,4
internationalbusiness,1
internettoday,1
inthenews,2
investing,1
iphone,3
irredeemables,1
islam,1
JimOHeirIsAwesome,1
JimSterling,3
Jokes,4
JordanPeterson,1
jschlatt,1
JustBadNews,2
Justfuckmyshitup,1
JusticeServed,1
Kappa,2
kashmir,1
Kazakhstan,1
Killadrix,2
korea,1
KotakuInAction,16
kotakuinaction2,8
kurzgesagt,1
Laesterschwestern,2
LateStageCapitalism,3
LateStageImperialism,2
LatestUSANews,24
leagueoflegends,19
LeftistGamersUnion,1
LessTankieChapo,1
Libertarian,10
libertarianmeme,3
LibertarianUncensored,1
LIHKG,5
linkedin,1
LiveStreamDramas,3
LivestreamFail,10
LosAngeles,4
LssMobTest,1
madlads,2
MagicArena,5
magicTCG,1
malaysia,1
mapporncirclejerk,1
MarksmanMains,1
mcX,1
me_irl,1
mealtimevideos,2
MeiMains,1
meme,1
MemeEconomy,1
memes,11
memesbannedinchina,1
MemeThatNews,1
MentalHealthNews,1
MercyMains,1
metacanada,2
MetalMemes,1
MetaSino,1
mildlyinfuriating,5
mistyfront,10
moba,1
moderatepolitics,2
modernwarfare,5
MorbidReality,1
MoreTankieChapo,3
MurderedByWords,2
MURICA,1
nba,68
nbadiscussion,1
NBANew,1
NBASpurs,1
neoconNWO,1
neogaming,1
neoliberal,8
news,38
newsbotbot,16
NewsHub,2
newsnerdsneed,1
NewsWhatever,5
nfl,1
nintendo,1
NintendoSwitch,11
no_drama,1
no_sob_story,1
nofeenews,15
NoStupidQuestions,4
NotClickBaitNews,2
nottheonion,4
nyc,1
nytimes,5
OCD,1
offbeat,1
orangecounty,2
osubuddyretard,1
OutOfTheLoop,9
Overwatch,104
Overwatch_Memes,6
OverwatchLeague,3
OverwatchTMZ,8
OWConsole,3
pakistan,1
pancakepalpatine,8
paradoxpolitics,1
pathofexile,1
pcgaming,33
pcmasterrace,6
perfectlycutmusic,1
Persona5,1
PewdiepieSubmissions,4
pic,1
pics,10
pokemon,1
PokemonROMhacks,1
PokemonSwordAndShield,1
poker,1
POLITIC,5
PoliticalHumor,4
PoliticalVideo,1
politics,24
polygondotcom,3
PopularOnEchoChamber,1
Portland,1
PostScarcityNow,1
POTUSWatch,1
PowerlessGamingNews,15
preppers,1
privacy,1
ProgressiveVoice,1
protest,1
ProtestBlizzcon,34
PS4,1
PublicFreakout,1
punchableface,1
Quebec,1
rageagainstthetoupee,1
Rainbow6,1
ravens,1
rccars,1
RecRoom,1
RedditSample,8
rhykker,2
RideHome,1
Riot,1
RiotFreeLoL,1
riotporn,1
RoadPorn,1
RocketLeague,1
RocketLeagueEsports,1
rockets,8
RSSBot,2
RTimes,1
rule34,1
RussiaLago,1
samharris,1
saraba2nd,15
ScienceUncensored,1
screenshots,1
ScrewRiotGames,1
ShadowBan,1
ShadowBanned,1
ShitPostCrusaders,2
shittysuperpowers,1
Showerthoughts,7
Sino,26
Sinophobic,1
sixers,1
SkydTech,3
skyrim,1
Sneakers,1
soccer,3
socialism,2
SocialistGaming,1
southeastasia,2
southpark,11
SouthParkPhone,1
space,1
sports,1
Sports_Tech,1
SquaredCircle,1
SRSGaming,1
StallmanWasRight,2
starcitizen,2
starcraft,25
starcraft2,1
Steam,1
stratechery,1
Streisandeffect,2
StudentLoans,1
stupidpol,1
subredditcancer,1
SubredditDrama,8
Suomi,1
supremecommander,1
SweetErinStream,1
sydney,1
symboliclogic,31
TacoZone,1
taiwan,4
TaiwanEvents,1
taiwanindependence,2
Tech2019,29
techcrunch,2
Techfeed,12
technews,2
TechNewsToday,2
technology,28
teenagers,7
Tekken,2
television,5
Testosterone,1
tf2,1
The_Donald,19
The_Mueller,1
THE_VERGE_ALL_RSS,12
The_Verge_Tech_RSS,8
TheBlogFeed,1
TheColorIsBlue,37
TheLastAirbender,1
TheMonkeysPaw,1
TheNewsFeed,10
theworldnews,18
thomasjefferson,2
tipofmytongue,1
TodayCanadianNews,1
todayilearned,1
TodayRussianNews,13
TodayTrendNews,5
TodayWorldNews,12
TooAfraidToAsk,2
TopIndiaNews,1
topofreddit,15
TopSportNews,32
transgamers,1
trashy,3
Triblive,1
truegaming,2
truenews,1
TrueOffMyChest,1
TruthLeaks,3
Twitch,1
Twitter,1
TwoBestFriendsPlay,1
UKNewsByABot,2
undelete,1
UnethicalLifeProTips,2
unitedkingdom,1
unpopularopinion,25
unredacted,3
untitledgoosegame,1
UpliftingNews,1
US_News_Today,26
Uyghur,1
Vans,2
vexillology,4
vexillologycirclejerk,2
videogames,1
VideoGameVanguards,5
videos,8
wallpapers,1
wallstreetbets,4
warcraft3,4
Warframe,1
WarhammerCompetitive,1
warriors,1
washingtonwizards,4
WatchRedditDie,3
WayOfTheBern,1
WC3,3
weaponizedconsumers,1
weshoulddestroychina,2
whatisameem,1
WhatsHappeningOnline,1
Wired_Top_Stories,1
WOOOrld,7
worldanarchism,3
worldnews,79
worldpolitics,15
wow,26
WPI,1
WTF,1
xboxone,4
XinnieThePoo,4
Xolocaust,2
YangForPresidentHQ,3
yeetorbeyeeted,1
yellowperil,1
Zion__Williamson,1
(blank),
Grand Total,3450
